Iteration,Label,Confidence Score,x_min,y_min,x_max,y_max
1,n/a,n/a,0,0,0,0
2,n/a,n/a,0,0,0,0
3,n/a,n/a,0,0,0,0
4,n/a,n/a,0,0,0,0
5,n/a,n/a,0,0,0,0
6,n/a,n/a,0,0,0,0
7,n/a,n/a,0,0,0,0
8,n/a,n/a,0,0,0,0
9,n/a,n/a,0,0,0,0
10,n/a,n/a,0,0,0,0
11,n/a,n/a,0,0,0,0
12,n/a,n/a,0,0,0,0
13,n/a,n/a,0,0,0,0
14,n/a,n/a,0,0,0,0
15,n/a,n/a,0,0,0,0
16,n/a,n/a,0,0,0,0
17,n/a,n/a,0,0,0,0
18,n/a,n/a,0,0,0,0
19,n/a,n/a,0,0,0,0
20,n/a,n/a,0,0,0,0
21,n/a,n/a,0,0,0,0
22,n/a,n/a,0,0,0,0
23,n/a,n/a,0,0,0,0
24,n/a,n/a,0,0,0,0
25,n/a,n/a,0,0,0,0
26,n/a,n/a,0,0,0,0
27,n/a,n/a,0,0,0,0
28,n/a,n/a,0,0,0,0
29,n/a,n/a,0,0,0,0
30,n/a,n/a,0,0,0,0
31,n/a,n/a,0,0,0,0
32,n/a,n/a,0,0,0,0
33,n/a,n/a,0,0,0,0
34,n/a,n/a,0,0,0,0
35,n/a,n/a,0,0,0,0
36,n/a,n/a,0,0,0,0
37,n/a,n/a,0,0,0,0
38,n/a,n/a,0,0,0,0
39,n/a,n/a,0,0,0,0
40,n/a,n/a,0,0,0,0
41,n/a,n/a,0,0,0,0
42,n/a,n/a,0,0,0,0
43,n/a,n/a,0,0,0,0
44,n/a,n/a,0,0,0,0
45,n/a,n/a,0,0,0,0
46,n/a,n/a,0,0,0,0
47,n/a,n/a,0,0,0,0
48,n/a,n/a,0,0,0,0
49,n/a,n/a,0,0,0,0
50,n/a,n/a,0,0,0,0
51,n/a,n/a,0,0,0,0
52,n/a,n/a,0,0,0,0
53,n/a,n/a,0,0,0,0
54,n/a,n/a,0,0,0,0
55,n/a,n/a,0,0,0,0
56,n/a,n/a,0,0,0,0
57,n/a,n/a,0,0,0,0
58,n/a,n/a,0,0,0,0
59,n/a,n/a,0,0,0,0
60,n/a,n/a,0,0,0,0
61,n/a,n/a,0,0,0,0
62,n/a,n/a,0,0,0,0
63,n/a,n/a,0,0,0,0
64,n/a,n/a,0,0,0,0
65,n/a,n/a,0,0,0,0
66,n/a,n/a,0,0,0,0
67,n/a,n/a,0,0,0,0
68,n/a,n/a,0,0,0,0
69,n/a,n/a,0,0,0,0
70,n/a,n/a,0,0,0,0
71,n/a,n/a,0,0,0,0
72,n/a,n/a,0,0,0,0
73,n/a,n/a,0,0,0,0
74,n/a,n/a,0,0,0,0
75,n/a,n/a,0,0,0,0
76,n/a,n/a,0,0,0,0
77,n/a,n/a,0,0,0,0
78,n/a,n/a,0,0,0,0
79,n/a,n/a,0,0,0,0
80,n/a,n/a,0,0,0,0
81,n/a,n/a,0,0,0,0
82,n/a,n/a,0,0,0,0
83,n/a,n/a,0,0,0,0
84,n/a,n/a,0,0,0,0
85,n/a,n/a,0,0,0,0
86,n/a,n/a,0,0,0,0
87,n/a,n/a,0,0,0,0
88,n/a,n/a,0,0,0,0
89,n/a,n/a,0,0,0,0
90,n/a,n/a,0,0,0,0
91,n/a,n/a,0,0,0,0
92,n/a,n/a,0,0,0,0
93,n/a,n/a,0,0,0,0
94,n/a,n/a,0,0,0,0
95,n/a,n/a,0,0,0,0
96,n/a,n/a,0,0,0,0
97,n/a,n/a,0,0,0,0
98,n/a,n/a,0,0,0,0
99,n/a,n/a,0,0,0,0
100,n/a,n/a,0,0,0,0
101,n/a,n/a,0,0,0,0
102,n/a,n/a,0,0,0,0
103,n/a,n/a,0,0,0,0
104,n/a,n/a,0,0,0,0
105,n/a,n/a,0,0,0,0
106,n/a,n/a,0,0,0,0
107,n/a,n/a,0,0,0,0
108,n/a,n/a,0,0,0,0
109,n/a,n/a,0,0,0,0
110,n/a,n/a,0,0,0,0
111,n/a,n/a,0,0,0,0
112,n/a,n/a,0,0,0,0
113,n/a,n/a,0,0,0,0
114,n/a,n/a,0,0,0,0
115,n/a,n/a,0,0,0,0
116,n/a,n/a,0,0,0,0
117,n/a,n/a,0,0,0,0
118,n/a,n/a,0,0,0,0
119,n/a,n/a,0,0,0,0
120,n/a,n/a,0,0,0,0
121,n/a,n/a,0,0,0,0
122,n/a,n/a,0,0,0,0
123,n/a,n/a,0,0,0,0
124,n/a,n/a,0,0,0,0
125,n/a,n/a,0,0,0,0
126,n/a,n/a,0,0,0,0
127,n/a,n/a,0,0,0,0
128,n/a,n/a,0,0,0,0
129,n/a,n/a,0,0,0,0
130,n/a,n/a,0,0,0,0
131,n/a,n/a,0,0,0,0
132,n/a,n/a,0,0,0,0
133,n/a,n/a,0,0,0,0
134,n/a,n/a,0,0,0,0
135,n/a,n/a,0,0,0,0
136,n/a,n/a,0,0,0,0
137,n/a,n/a,0,0,0,0
138,n/a,n/a,0,0,0,0
139,n/a,n/a,0,0,0,0
140,n/a,n/a,0,0,0,0
141,n/a,n/a,0,0,0,0
142,n/a,n/a,0,0,0,0
143,n/a,n/a,0,0,0,0
144,n/a,n/a,0,0,0,0
145,n/a,n/a,0,0,0,0
146,n/a,n/a,0,0,0,0
147,n/a,n/a,0,0,0,0
148,n/a,n/a,0,0,0,0
149,n/a,n/a,0,0,0,0
150,n/a,n/a,0,0,0,0
151,n/a,n/a,0,0,0,0
152,n/a,n/a,0,0,0,0
153,n/a,n/a,0,0,0,0
154,n/a,n/a,0,0,0,0
155,n/a,n/a,0,0,0,0
156,n/a,n/a,0,0,0,0
157,n/a,n/a,0,0,0,0
158,n/a,n/a,0,0,0,0
159,n/a,n/a,0,0,0,0
160,n/a,n/a,0,0,0,0
161,n/a,n/a,0,0,0,0
162,n/a,n/a,0,0,0,0
163,n/a,n/a,0,0,0,0
164,n/a,n/a,0,0,0,0
165,n/a,n/a,0,0,0,0
166,n/a,n/a,0,0,0,0
167,n/a,n/a,0,0,0,0
168,n/a,n/a,0,0,0,0
169,n/a,n/a,0,0,0,0
170,n/a,n/a,0,0,0,0
171,n/a,n/a,0,0,0,0
172,n/a,n/a,0,0,0,0
173,n/a,n/a,0,0,0,0
174,n/a,n/a,0,0,0,0
175,n/a,n/a,0,0,0,0
176,n/a,n/a,0,0,0,0
177,n/a,n/a,0,0,0,0
178,n/a,n/a,0,0,0,0
179,n/a,n/a,0,0,0,0
180,n/a,n/a,0,0,0,0
181,n/a,n/a,0,0,0,0
182,n/a,n/a,0,0,0,0
183,n/a,n/a,0,0,0,0
184,n/a,n/a,0,0,0,0
185,n/a,n/a,0,0,0,0
186,n/a,n/a,0,0,0,0
187,n/a,n/a,0,0,0,0
188,n/a,n/a,0,0,0,0
189,n/a,n/a,0,0,0,0
190,n/a,n/a,0,0,0,0
191,n/a,n/a,0,0,0,0
192,n/a,n/a,0,0,0,0
193,n/a,n/a,0,0,0,0
194,n/a,n/a,0,0,0,0
195,n/a,n/a,0,0,0,0
196,n/a,n/a,0,0,0,0
197,n/a,n/a,0,0,0,0
198,n/a,n/a,0,0,0,0
199,n/a,n/a,0,0,0,0
200,n/a,n/a,0,0,0,0
201,n/a,n/a,0,0,0,0
202,n/a,n/a,0,0,0,0
203,n/a,n/a,0,0,0,0
204,n/a,n/a,0,0,0,0
205,n/a,n/a,0,0,0,0
206,n/a,n/a,0,0,0,0
207,n/a,n/a,0,0,0,0
208,n/a,n/a,0,0,0,0
209,n/a,n/a,0,0,0,0
210,n/a,n/a,0,0,0,0
211,n/a,n/a,0,0,0,0
212,n/a,n/a,0,0,0,0
213,n/a,n/a,0,0,0,0
214,n/a,n/a,0,0,0,0
215,n/a,n/a,0,0,0,0
216,n/a,n/a,0,0,0,0
217,n/a,n/a,0,0,0,0
218,n/a,n/a,0,0,0,0
219,n/a,n/a,0,0,0,0
220,n/a,n/a,0,0,0,0
221,n/a,n/a,0,0,0,0
222,n/a,n/a,0,0,0,0
223,n/a,n/a,0,0,0,0
224,n/a,n/a,0,0,0,0
225,n/a,n/a,0,0,0,0
226,n/a,n/a,0,0,0,0
227,n/a,n/a,0,0,0,0
228,n/a,n/a,0,0,0,0
229,n/a,n/a,0,0,0,0
230,n/a,n/a,0,0,0,0
231,n/a,n/a,0,0,0,0
232,n/a,n/a,0,0,0,0
233,n/a,n/a,0,0,0,0
234,n/a,n/a,0,0,0,0
235,n/a,n/a,0,0,0,0
236,n/a,n/a,0,0,0,0
237,n/a,n/a,0,0,0,0
238,n/a,n/a,0,0,0,0
239,n/a,n/a,0,0,0,0
240,n/a,n/a,0,0,0,0
241,n/a,n/a,0,0,0,0
242,n/a,n/a,0,0,0,0
243,n/a,n/a,0,0,0,0
244,n/a,n/a,0,0,0,0
245,n/a,n/a,0,0,0,0
246,n/a,n/a,0,0,0,0
247,n/a,n/a,0,0,0,0
248,n/a,n/a,0,0,0,0
249,n/a,n/a,0,0,0,0
250,n/a,n/a,0,0,0,0
251,n/a,n/a,0,0,0,0
252,n/a,n/a,0,0,0,0
253,n/a,n/a,0,0,0,0
254,n/a,n/a,0,0,0,0
255,n/a,n/a,0,0,0,0
256,n/a,n/a,0,0,0,0
257,n/a,n/a,0,0,0,0
258,n/a,n/a,0,0,0,0
259,n/a,n/a,0,0,0,0
260,n/a,n/a,0,0,0,0
261,n/a,n/a,0,0,0,0
262,n/a,n/a,0,0,0,0
263,n/a,n/a,0,0,0,0
264,n/a,n/a,0,0,0,0
265,n/a,n/a,0,0,0,0
266,n/a,n/a,0,0,0,0
267,n/a,n/a,0,0,0,0
268,n/a,n/a,0,0,0,0
269,n/a,n/a,0,0,0,0
270,n/a,n/a,0,0,0,0
271,n/a,n/a,0,0,0,0
272,n/a,n/a,0,0,0,0
273,n/a,n/a,0,0,0,0
274,n/a,n/a,0,0,0,0
275,n/a,n/a,0,0,0,0
276,n/a,n/a,0,0,0,0
277,n/a,n/a,0,0,0,0
278,n/a,n/a,0,0,0,0
279,n/a,n/a,0,0,0,0
280,n/a,n/a,0,0,0,0
281,n/a,n/a,0,0,0,0
282,n/a,n/a,0,0,0,0
283,n/a,n/a,0,0,0,0
284,n/a,n/a,0,0,0,0
285,n/a,n/a,0,0,0,0
286,n/a,n/a,0,0,0,0
287,n/a,n/a,0,0,0,0
288,n/a,n/a,0,0,0,0
289,n/a,n/a,0,0,0,0
290,n/a,n/a,0,0,0,0
291,n/a,n/a,0,0,0,0
292,n/a,n/a,0,0,0,0
293,n/a,n/a,0,0,0,0
294,n/a,n/a,0,0,0,0
295,n/a,n/a,0,0,0,0
296,n/a,n/a,0,0,0,0
297,n/a,n/a,0,0,0,0
298,n/a,n/a,0,0,0,0
299,n/a,n/a,0,0,0,0
300,n/a,n/a,0,0,0,0
301,n/a,n/a,0,0,0,0
302,n/a,n/a,0,0,0,0
303,n/a,n/a,0,0,0,0
304,n/a,n/a,0,0,0,0
305,n/a,n/a,0,0,0,0
306,n/a,n/a,0,0,0,0
307,n/a,n/a,0,0,0,0
308,n/a,n/a,0,0,0,0
309,n/a,n/a,0,0,0,0
310,n/a,n/a,0,0,0,0
311,n/a,n/a,0,0,0,0
312,n/a,n/a,0,0,0,0
313,n/a,n/a,0,0,0,0
314,n/a,n/a,0,0,0,0
315,n/a,n/a,0,0,0,0
316,n/a,n/a,0,0,0,0
317,n/a,n/a,0,0,0,0
318,n/a,n/a,0,0,0,0
319,n/a,n/a,0,0,0,0
320,n/a,n/a,0,0,0,0
321,n/a,n/a,0,0,0,0
322,n/a,n/a,0,0,0,0
323,n/a,n/a,0,0,0,0
324,n/a,n/a,0,0,0,0
325,n/a,n/a,0,0,0,0
326,n/a,n/a,0,0,0,0
327,n/a,n/a,0,0,0,0
328,n/a,n/a,0,0,0,0
329,n/a,n/a,0,0,0,0
330,n/a,n/a,0,0,0,0
331,n/a,n/a,0,0,0,0
332,n/a,n/a,0,0,0,0
333,n/a,n/a,0,0,0,0
334,n/a,n/a,0,0,0,0
335,n/a,n/a,0,0,0,0
336,n/a,n/a,0,0,0,0
337,n/a,n/a,0,0,0,0
338,n/a,n/a,0,0,0,0
339,n/a,n/a,0,0,0,0
340,n/a,n/a,0,0,0,0
341,n/a,n/a,0,0,0,0
342,n/a,n/a,0,0,0,0
343,n/a,n/a,0,0,0,0
344,n/a,n/a,0,0,0,0
345,n/a,n/a,0,0,0,0
346,n/a,n/a,0,0,0,0
347,n/a,n/a,0,0,0,0
348,n/a,n/a,0,0,0,0
349,n/a,n/a,0,0,0,0
350,n/a,n/a,0,0,0,0
351,n/a,n/a,0,0,0,0
352,n/a,n/a,0,0,0,0
353,n/a,n/a,0,0,0,0
354,n/a,n/a,0,0,0,0
355,n/a,n/a,0,0,0,0
356,n/a,n/a,0,0,0,0
357,n/a,n/a,0,0,0,0
358,n/a,n/a,0,0,0,0
359,n/a,n/a,0,0,0,0
360,n/a,n/a,0,0,0,0
361,n/a,n/a,0,0,0,0
362,n/a,n/a,0,0,0,0
363,n/a,n/a,0,0,0,0
364,n/a,n/a,0,0,0,0
365,n/a,n/a,0,0,0,0
366,n/a,n/a,0,0,0,0
367,n/a,n/a,0,0,0,0
368,n/a,n/a,0,0,0,0
369,n/a,n/a,0,0,0,0
370,n/a,n/a,0,0,0,0
371,n/a,n/a,0,0,0,0
372,n/a,n/a,0,0,0,0
373,n/a,n/a,0,0,0,0
374,n/a,n/a,0,0,0,0
375,n/a,n/a,0,0,0,0
376,n/a,n/a,0,0,0,0
377,n/a,n/a,0,0,0,0
378,n/a,n/a,0,0,0,0
379,n/a,n/a,0,0,0,0
380,n/a,n/a,0,0,0,0
381,n/a,n/a,0,0,0,0
382,n/a,n/a,0,0,0,0
383,n/a,n/a,0,0,0,0
384,n/a,n/a,0,0,0,0
385,n/a,n/a,0,0,0,0
386,n/a,n/a,0,0,0,0
387,n/a,n/a,0,0,0,0
388,n/a,n/a,0,0,0,0
389,n/a,n/a,0,0,0,0
390,n/a,n/a,0,0,0,0
391,n/a,n/a,0,0,0,0
392,n/a,n/a,0,0,0,0
393,n/a,n/a,0,0,0,0
394,n/a,n/a,0,0,0,0
395,n/a,n/a,0,0,0,0
396,n/a,n/a,0,0,0,0
397,n/a,n/a,0,0,0,0
398,n/a,n/a,0,0,0,0
399,n/a,n/a,0,0,0,0
400,n/a,n/a,0,0,0,0
401,n/a,n/a,0,0,0,0
402,n/a,n/a,0,0,0,0
403,n/a,n/a,0,0,0,0
404,n/a,n/a,0,0,0,0
405,n/a,n/a,0,0,0,0
406,n/a,n/a,0,0,0,0
407,n/a,n/a,0,0,0,0
408,n/a,n/a,0,0,0,0
409,n/a,n/a,0,0,0,0
410,n/a,n/a,0,0,0,0
411,n/a,n/a,0,0,0,0
412,n/a,n/a,0,0,0,0
413,n/a,n/a,0,0,0,0
414,n/a,n/a,0,0,0,0
415,n/a,n/a,0,0,0,0
416,n/a,n/a,0,0,0,0
417,n/a,n/a,0,0,0,0
418,n/a,n/a,0,0,0,0
419,n/a,n/a,0,0,0,0
420,n/a,n/a,0,0,0,0
421,n/a,n/a,0,0,0,0
422,n/a,n/a,0,0,0,0
423,n/a,n/a,0,0,0,0
424,n/a,n/a,0,0,0,0
425,n/a,n/a,0,0,0,0
426,n/a,n/a,0,0,0,0
427,n/a,n/a,0,0,0,0
428,n/a,n/a,0,0,0,0
429,n/a,n/a,0,0,0,0
430,n/a,n/a,0,0,0,0
431,n/a,n/a,0,0,0,0
432,n/a,n/a,0,0,0,0
433,n/a,n/a,0,0,0,0
434,n/a,n/a,0,0,0,0
435,n/a,n/a,0,0,0,0
436,n/a,n/a,0,0,0,0
437,n/a,n/a,0,0,0,0
438,n/a,n/a,0,0,0,0
439,n/a,n/a,0,0,0,0
440,n/a,n/a,0,0,0,0
441,n/a,n/a,0,0,0,0
442,n/a,n/a,0,0,0,0
443,n/a,n/a,0,0,0,0
444,n/a,n/a,0,0,0,0
445,n/a,n/a,0,0,0,0
446,n/a,n/a,0,0,0,0
447,n/a,n/a,0,0,0,0
448,n/a,n/a,0,0,0,0
449,n/a,n/a,0,0,0,0
450,n/a,n/a,0,0,0,0
451,n/a,n/a,0,0,0,0
452,n/a,n/a,0,0,0,0
453,n/a,n/a,0,0,0,0
454,n/a,n/a,0,0,0,0
455,n/a,n/a,0,0,0,0
456,n/a,n/a,0,0,0,0
457,n/a,n/a,0,0,0,0
458,n/a,n/a,0,0,0,0
459,n/a,n/a,0,0,0,0
460,n/a,n/a,0,0,0,0
461,n/a,n/a,0,0,0,0
462,n/a,n/a,0,0,0,0
463,n/a,n/a,0,0,0,0
464,n/a,n/a,0,0,0,0
465,n/a,n/a,0,0,0,0
466,n/a,n/a,0,0,0,0
467,n/a,n/a,0,0,0,0
468,n/a,n/a,0,0,0,0
469,n/a,n/a,0,0,0,0
470,n/a,n/a,0,0,0,0
471,n/a,n/a,0,0,0,0
472,n/a,n/a,0,0,0,0
473,n/a,n/a,0,0,0,0
474,n/a,n/a,0,0,0,0
475,n/a,n/a,0,0,0,0
476,['wheel'],[0.45859116],[86.2101058959961],[378.8233642578125],[110.31382751464844],[413.0321960449219]
477,['wheel'],[0.54988235],[30.201065063476562],[409.10467529296875],[48.94511032104492],[432.1219482421875]
478,n/a,n/a,0,0,0,0
479,['wheel'],[0.48559967],[36.78658676147461],[412.4517517089844],[52.29536819458008],[437.34197998046875]
480,['wheel'],[0.6081287],[40.43989181518555],[413.0024108886719],[62.44111633300781],[437.8630676269531]
481,['wheel'],[0.53752697],[45.13938522338867],[413.3154602050781],[65.75222778320312],[439.687255859375]
482,['wheel'],[0.53582716],[48.66920471191406],[413.4107971191406],[73.26921081542969],[441.0076904296875]
483,['wheel'],[0.5626571],[52.11710739135742],[416.0329284667969],[70.2389907836914],[441.480224609375]
484,n/a,n/a,0,0,0,0
485,"['wheel', 'wheel']",[0.60346454 0.46538746],"[59.756431579589844, 12.839620590209961]","[416.906005859375, 409.4416809082031]","[78.9822006225586, 43.9847412109375]","[445.98175048828125, 439.76324462890625]"
486,['wheel'],[0.61555016],[64.65541076660156],[416.86541748046875],[83.59137725830078],[446.43048095703125]
487,['wheel'],[0.6104535],[69.33625793457031],[419.54443359375],[88.67044067382812],[448.6242980957031]
488,"['wheel', 'wheel']",[0.5525397  0.48047867],"[74.0949478149414, 153.497314453125]","[421.9284362792969, 393.1644592285156]","[92.07012176513672, 179.36318969726562]","[450.3475036621094, 433.8558044433594]"
489,"['wheel', 'wheel']",[0.5338836 0.4666025],"[80.01785278320312, 157.87893676757812]","[422.18658447265625, 392.4441223144531]","[98.92363739013672, 186.84666442871094]","[454.3645324707031, 435.218505859375]"
490,"['wheel', 'wheel']",[0.59549254 0.5936093 ],"[168.61863708496094, 84.49056243896484]","[395.7043762207031, 421.65594482421875]","[194.8928680419922, 105.47438049316406]","[435.9223327636719, 456.0509033203125]"
491,"['wheel', 'wheel']",[0.6048658 0.508178 ],"[87.40357208251953, 175.0984649658203]","[421.4718017578125, 397.6488037109375]","[112.85291290283203, 203.11627197265625]","[458.3227844238281, 436.9923095703125]"
492,"['wheel', 'wheel']",[0.6460137 0.4909678],"[183.01266479492188, 95.64118194580078]","[398.482177734375, 424.54730224609375]","[213.3833770751953, 119.10765075683594]","[440.25189208984375, 459.9320068359375]"
493,"['wheel', 'wheel']",[0.5992507 0.6178586],"[105.4153823852539, 191.42977905273438]","[427.4566650390625, 400.4823303222656]","[125.87181854248047, 222.73033142089844]","[462.33233642578125, 442.7591247558594]"
494,"['wheel', 'wheel']",[0.5817784 0.5822535],"[112.55396270751953, 199.84796142578125]","[427.5433044433594, 400.8409118652344]","[133.81088256835938, 230.97097778320312]","[464.82537841796875, 446.8645935058594]"
495,"['wheel', 'wheel']",[0.68763   0.6006569],"[118.10888671875, 211.36569213867188]","[428.6163635253906, 402.4020080566406]","[143.30792236328125, 243.17115783691406]","[467.47210693359375, 445.5722351074219]"
496,"['wheel', 'wheel']",[0.58367807 0.5631377 ],"[127.20879364013672, 221.0457763671875]","[431.3755187988281, 403.24908447265625]","[148.1508026123047, 253.96412658691406]","[469.3887023925781, 452.38726806640625]"
497,"['wheel', 'wheel']",[0.5983122 0.5568816],"[231.86129760742188, 135.1657257080078]","[403.28717041015625, 433.0916748046875]","[265.22894287109375, 157.05728149414062]","[454.91156005859375, 472.5796203613281]"
498,['wheel'],[0.45398796],[248.30152893066406],[398.235107421875],[278.9254150390625],[449.6551208496094]
499,"['wheel', 'wheel']",[0.504547   0.46830428],"[154.69973754882812, 262.6018371582031]","[437.7617492675781, 404.115478515625]","[178.8585205078125, 292.2330627441406]","[479.4148254394531, 454.0890808105469]"
500,"['wheel', 'wheel']",[0.5893619 0.4953004],"[273.0029602050781, 163.88278198242188]","[391.9725036621094, 438.91583251953125]","[317.8712158203125, 190.62632751464844]","[459.4676818847656, 483.6675720214844]"
501,"['wheel', 'wheel', 'wheel']",[0.57320064 0.5185462  0.5212275 ],"[174.3870849609375, 285.3657531738281, 111.34635925292969]","[437.86895751953125, 396.32806396484375, 430.3612976074219]","[202.34390258789062, 321.2608642578125, 135.45782470703125]","[487.6255798339844, 459.9776611328125, 467.1481018066406]"
502,"['wheel', 'wheel', 'wheel']",[0.6627965  0.5779718  0.54988235],"[185.69894409179688, 305.948974609375, 113.7987060546875]","[436.78369140625, 405.5993957519531, 424.5433349609375]","[219.81092834472656, 338.2944641113281, 142.09060668945312]","[490.1587829589844, 459.1580810546875, 469.1273193359375]"
503,"['wheel', 'wheel', 'wheel']",[0.70578504 0.6627965  0.630685  ],"[197.50279235839844, 124.66001892089844, 317.691650390625]","[443.07940673828125, 431.394287109375, 411.2288818359375]","[226.4009552001953, 152.14157104492188, 353.1307678222656]","[494.2896728515625, 470.7723693847656, 465.1600341796875]"
504,"['wheel', 'wheel', 'wheel']",[0.68510735 0.6531269  0.648689  ],"[211.34765625, 130.37689208984375, 336.82568359375]","[447.3624267578125, 429.1964111328125, 416.7949523925781]","[251.88571166992188, 161.13487243652344, 371.7786865234375]","[499.1287536621094, 474.42926025390625, 469.6650085449219]"
505,"['wheel', 'wheel', 'wheel']",[0.63522243 0.6270382  0.55278116],"[225.66160583496094, 138.55026245117188, 359.71368408203125]","[448.0828552246094, 427.53790283203125, 416.2777099609375]","[262.6053161621094, 168.87762451171875, 392.3402404785156]","[503.4837646484375, 475.8194580078125, 470.2370300292969]"
506,"['wheel', 'wheel', 'wheel']",[0.6723317 0.6415347 0.6242935],"[240.90635681152344, 146.1309814453125, 381.640625]","[448.66937255859375, 424.0074462890625, 409.20947265625]","[285.4778137207031, 178.11940002441406, 412.84283447265625]","[507.89306640625, 478.7734375, 471.8332214355469]"
507,"['wheel', 'wheel', 'wheel']",[0.68846846 0.67319167 0.5122656 ],"[253.96694946289062, 158.0314178466797, 403.1245422363281]","[452.9061279296875, 424.8124694824219, 377.1517333984375]","[293.0479736328125, 195.246337890625, 441.4243469238281]","[513.4786987304688, 482.78680419921875, 416.81719970703125]"
508,"['wheel', 'wheel']",[0.61970145 0.5559175 ],"[271.169189453125, 167.35055541992188]","[456.6541748046875, 428.58984375]","[312.66876220703125, 196.73562622070312]","[519.7920532226562, 487.1394958496094]"
509,"['wheel', 'wheel']",[0.6001883  0.57892436],"[178.75169372558594, 287.8265380859375]","[434.6802978515625, 460.6014099121094]","[215.21810913085938, 333.4969787597656]","[491.5994567871094, 525.6359252929688]"
510,"['wheel', 'wheel']",[0.6406359  0.68594944],"[191.19390869140625, 306.77923583984375]","[447.2991027832031, 465.1455383300781]","[223.63194274902344, 356.1327819824219]","[494.3590393066406, 533.3877563476562]"
511,"['wheel', 'wheel']",[0.6959583 0.6513549],"[329.277099609375, 204.8268280029297]","[469.19091796875, 446.9846496582031]","[379.97296142578125, 242.89556884765625]","[539.0951538085938, 498.768310546875]"
512,"['wheel', 'wheel']",[0.6893056 0.6315943],"[352.97930908203125, 217.29342651367188]","[480.0027160644531, 452.48211669921875]","[404.5327453613281, 256.18328857421875]","[546.9578247070312, 504.1102294921875]"
513,"['wheel', 'wheel']",[0.648689   0.54455924],"[378.33251953125, 231.66331481933594]","[481.7478942871094, 456.916015625]","[438.7126159667969, 268.0240783691406]","[555.4578247070312, 507.5166015625]"
514,"['wheel', 'wheel']",[0.62977463 0.55012405],"[404.7877502441406, 243.6680450439453]","[493.4512939453125, 448.7728271484375]","[468.7725524902344, 291.21588134765625]","[565.7424926757812, 512.6632080078125]"
515,"['wheel', 'wheel']",[0.68172675 0.59643316],"[441.5020446777344, 272.9114074707031]","[502.45947265625, 458.3871765136719]","[497.1032409667969, 310.15594482421875]","[575.4651489257812, 518.996826171875]"
516,"['wheel', 'wheel']",[0.7033458 0.5192776],"[475.52874755859375, 277.40692138671875]","[504.6089782714844, 462.1684265136719]","[537.8732299804688, 327.75360107421875]","[586.7066040039062, 525.2807006835938]"
517,"['wheel', 'wheel']",[0.61970145 0.7201715 ],"[294.8153991699219, 512.6004028320312]","[464.1591491699219, 510.9610290527344]","[352.4656677246094, 582.9144287109375]","[531.9240112304688, 598.5189819335938]"
518,"['wheel', 'wheel']",[0.6791787  0.55880857],"[552.6845092773438, 314.099365234375]","[522.7308959960938, 463.1711120605469]","[624.395751953125, 380.54583740234375]","[609.5657348632812, 538.6216430664062]"
519,"['wheel', 'wheel']",[0.6714706  0.45181018],"[597.0172729492188, 338.15850830078125]","[533.4050903320312, 473.42767333984375]","[674.2822265625, 404.1421203613281]","[623.9990844726562, 546.1782836914062]"
520,"['wheel', 'wheel']",[0.7295198 0.5285334],"[643.963134765625, 358.8138122558594]","[545.3883666992188, 477.4931640625]","[731.0806274414062, 431.39599609375]","[637.1622314453125, 554.7902221679688]"
521,"['wheel', 'wheel']",[0.7401744 0.5631377],"[694.6444702148438, 392.0846252441406]","[555.7844848632812, 490.3620910644531]","[788.2260131835938, 461.71356201171875]","[653.3201293945312, 566.0858764648438]"
522,"['wheel', 'wheel']",[0.7279754  0.64779824],"[751.7540893554688, 428.8552551269531]","[566.6566772460938, 499.15557861328125]","[849.527587890625, 494.6225280761719]","[667.7706909179688, 574.7249755859375]"
523,"['wheel', 'wheel']",[0.7490872 0.6242935],"[813.02099609375, 467.6452941894531]","[588.28173828125, 510.9615173339844]","[923.7068481445312, 537.9420776367188]","[682.7058715820312, 585.7162475585938]"
524,"['wheel', 'wheel']",[0.7233095  0.75635755],"[504.2306213378906, 880.3779296875]","[516.7576293945312, 599.13232421875]","[586.9063720703125, 1001.0010986328125]","[601.1668701171875, 703.610107421875]"
525,"['wheel', 'wheel']",[0.73105854 0.63793355],"[547.4779052734375, 952.744873046875]","[528.8204345703125, 613.6154174804688]","[625.3071899414062, 1071.04248046875]","[612.5639038085938, 718.8154907226562]"
526,"['wheel', 'wheel', 'wheel']",[0.7577944 0.7620701 0.5435902],"[590.57421875, 1021.8842163085938, 154.3466796875]","[538.5734252929688, 627.811767578125, 363.74444580078125]","[682.1051635742188, 1158.1851806640625, 172.1043243408203]","[625.724853515625, 737.991943359375, 391.6316223144531]"
527,"['wheel', 'wheel', 'wheel']",[0.7745834  0.7592254  0.54939884],"[641.0887451171875, 1101.233154296875, 159.40809631347656]","[553.4572143554688, 642.9996337890625, 364.8243713378906]","[726.6912841796875, 1230.169189453125, 179.17398071289062]","[639.4794311523438, 756.9985961914062, 392.53033447265625]"
528,"['wheel', 'wheel', 'wheel']",[0.7799929  0.74167407 0.5851011 ],"[692.526611328125, 1178.54296875, 167.42153930664062]","[565.7949829101562, 665.9192504882812, 364.02044677734375]","[779.107666015625, 1312.37841796875, 188.9940948486328]","[652.0848388671875, 776.4221801757812, 393.1805419921875]"
529,"['wheel', 'wheel', 'wheel']",[0.746139  0.7049733 0.6104535],"[752.498046875, 1258.1112060546875, 174.62094116210938]","[573.6808471679688, 688.2235107421875, 363.5882873535156]","[850.2228393554688, 1387.47314453125, 194.55471801757812]","[667.9319458007812, 795.15185546875, 393.7443542480469]"
530,"['wheel', 'wheel']",[0.52366394 0.5184243 ],"[816.411376953125, 182.06385803222656]","[598.2621459960938, 365.2603759765625]","[915.307373046875, 202.18460083007812]","[684.8045654296875, 395.3348693847656]"
531,"['wheel', 'wheel']",[0.5855752 0.6918097],"[188.17019653320312, 883.0838623046875]","[364.8339538574219, 602.1189575195312]","[209.1903076171875, 995.4285278320312]","[396.95440673828125, 702.7376708984375]"
532,['wheel'],[0.59125125],[196.4166259765625],[363.86236572265625],[216.68853759765625],[396.07843017578125]
533,['wheel'],[0.51238763],[203.74273681640625],[365.8687438964844],[225.7078857421875],[396.68115234375]
534,['wheel'],[0.58699644],[212.8973846435547],[365.8074645996094],[234.99063110351562],[398.9034118652344]
535,"['wheel', 'wheel']",[0.6099889 0.6592955],"[221.52552795410156, 1185.1878662109375]","[365.35662841796875, 674.7777099609375]","[244.54067993164062, 1318.9263916015625]","[399.24560546875, 781.33837890625]"
536,"['wheel', 'wheel']",[0.6584175  0.55784535],"[231.7917022705078, 1263.269287109375]","[364.871826171875, 692.1507568359375]","[255.82806396484375, 1381.4742431640625]","[401.5784912109375, 797.5625]"
537,"['wheel', 'wheel', 'wheel']",[0.6315943 0.6099889 0.5097644],"[243.0475616455078, 1343.8641357421875, 189.46371459960938]","[367.00927734375, 712.43603515625, 363.6110534667969]","[268.7475891113281, 1434.7490234375, 208.9751739501953]","[402.9588928222656, 814.8544311523438, 397.56195068359375]"
538,['wheel'],[0.7122322],[254.15509033203125],[367.35687255859375],[279.61651611328125],[403.5017395019531]
539,"['wheel', 'wheel']",[0.7193836 0.5631377],"[266.515625, 209.23439025878906]","[367.013916015625, 365.1849060058594]","[289.7576599121094, 227.51400756835938]","[403.66082763671875, 399.7598571777344]"
540,['wheel'],[0.746139],[276.8167419433594],[365.9953918457031],[303.3777160644531],[403.7093505859375]
541,['wheel'],[0.7025301],[289.2970275878906],[366.21197509765625],[316.7157897949219],[405.3805236816406]
542,['wheel'],[0.72095805],[300.8472900390625],[366.11065673828125],[330.0707092285156],[407.5865173339844]
543,"['wheel', 'wheel', 'wheel']",[0.715424   0.50427234 0.48303878],"[317.26910400390625, 414.0005798339844, 251.46192932128906]","[368.4797668457031, 368.102783203125, 369.34051513671875]","[344.62176513671875, 432.2159118652344, 270.89068603515625]","[407.3312683105469, 393.5434265136719, 403.7375183105469]"
544,['wheel'],[0.7356416],[328.6844177246094],[365.3949890136719],[359.7660217285156],[407.8707580566406]
545,"['wheel', 'wheel']",[0.7017131 0.5525397],"[343.1540832519531, 272.5249328613281]","[368.9920654296875, 369.13006591796875]","[375.63214111328125, 294.7186279296875]","[409.6239013671875, 407.2134094238281]"
546,"['wheel', 'wheel']",[0.6808786 0.5286551],"[357.5346984863281, 286.9678039550781]","[368.75262451171875, 370.8214416503906]","[392.8808898925781, 310.6170654296875]","[413.3232727050781, 408.4701843261719]"
547,"['wheel', 'wheel']",[0.6406359  0.48456302],"[373.0724792480469, 298.8443603515625]","[370.6791687011719, 370.5688781738281]","[410.51715087890625, 318.9571838378906]","[411.1972961425781, 407.7227783203125]"
548,['wheel'],[0.6361271],[391.0960693359375],[369.60272216796875],[431.39495849609375],[414.9015808105469]
549,['wheel'],[0.7033458],[412.818603515625],[374.3707275390625],[451.8452453613281],[416.82049560546875]
550,"['wheel', 'wheel']",[0.7490872 0.5168393],"[429.09326171875, 326.19842529296875]","[374.06988525390625, 366.5975341796875]","[473.9878845214844, 355.78759765625]","[422.54412841796875, 408.1052551269531]"
551,"['wheel', 'wheel']",[0.7690802  0.52658623],"[447.6796569824219, 340.6369934082031]","[375.1399841308594, 366.7624816894531]","[497.267822265625, 375.703369140625]","[426.5288391113281, 409.34918212890625]"
552,"['wheel', 'wheel']",[0.754915   0.54939884],"[469.4974670410156, 356.35394287109375]","[377.3188171386719, 368.3336486816406]","[521.872314453125, 388.81072998046875]","[429.4293518066406, 416.32470703125]"
553,"['wheel', 'wheel']",[0.75346667 0.71383077],"[491.531982421875, 371.2222900390625]","[377.9133605957031, 367.476318359375]","[547.4517211914062, 414.6469421386719]","[432.3861083984375, 421.09014892578125]"
554,"['wheel', 'wheel']",[0.7799929  0.69760895],"[515.8629150390625, 393.2469177246094]","[379.913330078125, 368.7146301269531]","[572.8191528320312, 435.9814758300781]","[437.06201171875, 428.8223571777344]"
555,"['wheel', 'wheel']",[0.7745834  0.70821255],"[543.6396484375, 408.61090087890625]","[382.35870361328125, 369.67144775390625]","[602.0446166992188, 448.802490234375]","[439.5313415527344, 429.1358337402344]"
556,"['wheel', 'wheel']",[0.7772999 0.7122322],"[571.4546508789062, 430.79168701171875]","[383.3769226074219, 370.8775634765625]","[634.8345947265625, 472.7891540527344]","[439.9476013183594, 425.4194641113281]"
557,"['wheel', 'wheel']",[0.7772999 0.7371582],"[601.4943237304688, 451.07330322265625]","[383.8703918457031, 371.0884704589844]","[668.4880981445312, 495.5699157714844]","[447.1719970703125, 428.3713073730469]"
558,"['wheel', 'wheel']",[0.7634837 0.7606507],"[473.0369873046875, 631.5950927734375]","[371.59075927734375, 385.7103271484375]","[518.5076293945312, 703.6085205078125]","[431.7415466308594, 452.4914245605469]"
559,"['wheel', 'wheel']",[0.76629364 0.74316794],"[495.51104736328125, 665.16845703125]","[374.37286376953125, 388.838134765625]","[547.6825561523438, 742.4063720703125]","[435.1485900878906, 461.32080078125]"
560,"['wheel', 'wheel']",[0.7577944  0.74316794],"[520.2418823242188, 700.0655517578125]","[373.4792785644531, 392.16900634765625]","[574.7421875, 781.683349609375]","[436.29144287109375, 465.7274169921875]"
561,"['wheel', 'wheel']",[0.75201255 0.7356416 ],"[549.1392822265625, 735.7813720703125]","[375.6629333496094, 394.6007080078125]","[605.2329711914062, 821.638671875]","[439.5928039550781, 471.97808837890625]"
562,"['wheel', 'wheel']",[0.7490872  0.69760895],"[578.6956787109375, 777.1063232421875]","[377.608154296875, 400.0819396972656]","[636.380126953125, 864.318359375]","[443.4453430175781, 478.4654846191406]"
563,"['wheel', 'wheel']",[0.7279754  0.65665823],"[608.6543579101562, 818.8214111328125]","[379.65948486328125, 402.51214599609375]","[677.3181762695312, 911.2664184570312]","[445.4811096191406, 478.0309753417969]"
564,"['wheel', 'wheel']",[0.76629364 0.7090191 ],"[862.94970703125, 639.2741088867188]","[410.5879211425781, 381.58746337890625]","[960.4408569335938, 711.9180297851562]","[490.73736572265625, 451.1692199707031]"
565,"['wheel', 'wheel']",[0.7676898 0.746139 ],"[909.013916015625, 670.9880981445312]","[416.27886962890625, 385.5233459472656]","[1010.8606567382812, 750.2757568359375]","[496.5217590332031, 457.74542236328125]"
566,"['wheel', 'wheel']",[0.8056322 0.7879312],"[957.1143798828125, 709.3689575195312]","[424.2101745605469, 389.6777038574219]","[1058.011474609375, 784.535400390625]","[504.60394287109375, 466.89984130859375]"
567,"['wheel', 'wheel']",[0.75635755 0.77864933],"[1008.0076904296875, 747.031494140625]","[429.3063049316406, 395.24896240234375]","[1113.283203125, 832.7509765625]","[517.9736328125, 475.513427734375]"
568,"['wheel', 'wheel']",[0.7606507 0.7994423],"[1061.2470703125, 794.0092163085938]","[438.54925537109375, 399.584716796875]","[1166.4547119140625, 872.7752075195312]","[527.3251342773438, 479.84552001953125]"
569,"['wheel', 'wheel']",[0.7592254 0.7648916],"[1111.783935546875, 828.702880859375]","[443.7961730957031, 406.2511291503906]","[1222.443115234375, 917.413818359375]","[536.2546997070312, 486.3023681640625]"
570,"['wheel', 'wheel']",[0.7745834 0.7866228],"[1165.8916015625, 877.8260498046875]","[452.7767639160156, 411.38092041015625]","[1277.437744140625, 967.0635375976562]","[546.343505859375, 494.6889953613281]"
571,"['wheel', 'wheel']",[0.77864933 0.7866228 ],"[1220.9544677734375, 924.452392578125]","[464.6965637207031, 419.4791564941406]","[1330.075439453125, 1015.6974487304688]","[558.566650390625, 501.6007995605469]"
572,"['wheel', 'wheel']",[0.78530854 0.7718435 ],"[973.8203735351562, 1281.090087890625]","[427.4596252441406, 473.01971435546875]","[1068.6920166015625, 1385.869873046875]","[509.263427734375, 571.0068359375]"
573,"['wheel', 'wheel']",[0.80069196 0.754915  ],"[1015.0991821289062, 1329.2122802734375]","[429.6387634277344, 484.9242248535156]","[1123.8624267578125, 1427.3067626953125]","[519.0939331054688, 581.5794067382812]"
574,['wheel'],[0.7981868],[1068.2767333984375],[436.50494384765625],[1174.57421875],[527.182861328125]
575,['wheel'],[0.81047887],[1121.3426513671875],[444.0287780761719],[1232.518310546875],[537.7896728515625]
576,['wheel'],[0.79692537],[1171.9591064453125],[453.053466796875],[1285.1961669921875],[548.5596923828125]
577,['wheel'],[0.8233284],[1223.9617919921875],[463.8341979980469],[1339.229248046875],[559.6490478515625]
578,['wheel'],[0.7799929],[1283.83984375],[473.011474609375],[1394.4586181640625],[571.9512939453125]
579,['wheel'],[0.7718435],[1342.3690185546875],[482.7574157714844],[1428.634521484375],[580.8590698242188]
580,n/a,n/a,0,0,0,0
581,n/a,n/a,0,0,0,0
582,n/a,n/a,0,0,0,0
583,n/a,n/a,0,0,0,0
584,n/a,n/a,0,0,0,0
585,n/a,n/a,0,0,0,0
586,n/a,n/a,0,0,0,0
587,n/a,n/a,0,0,0,0
588,n/a,n/a,0,0,0,0
589,n/a,n/a,0,0,0,0
590,n/a,n/a,0,0,0,0
591,n/a,n/a,0,0,0,0
592,n/a,n/a,0,0,0,0
593,n/a,n/a,0,0,0,0
594,n/a,n/a,0,0,0,0
595,n/a,n/a,0,0,0,0
596,n/a,n/a,0,0,0,0
597,n/a,n/a,0,0,0,0
598,n/a,n/a,0,0,0,0
599,n/a,n/a,0,0,0,0
600,n/a,n/a,0,0,0,0
601,n/a,n/a,0,0,0,0
602,n/a,n/a,0,0,0,0
603,n/a,n/a,0,0,0,0
604,n/a,n/a,0,0,0,0
605,n/a,n/a,0,0,0,0
606,n/a,n/a,0,0,0,0
607,n/a,n/a,0,0,0,0
608,n/a,n/a,0,0,0,0
609,n/a,n/a,0,0,0,0
610,n/a,n/a,0,0,0,0
611,n/a,n/a,0,0,0,0
612,n/a,n/a,0,0,0,0
613,n/a,n/a,0,0,0,0
614,n/a,n/a,0,0,0,0
615,n/a,n/a,0,0,0,0
616,['wheel'],[0.48761243],[64.25518035888672],[373.95709228515625],[90.67870330810547],[404.38079833984375]
617,['wheel'],[0.46368712],[67.04033660888672],[372.3235168457031],[94.91117095947266],[402.7738342285156]
618,n/a,n/a,0,0,0,0
619,n/a,n/a,0,0,0,0
620,['wheel'],[0.48889345],[76.94938659667969],[372.52532958984375],[104.95269012451172],[407.44561767578125]
621,['wheel'],[0.48023492],[82.56268310546875],[379.2659606933594],[109.3794937133789],[408.07305908203125]
622,['wheel'],[0.49356112],[86.63220977783203],[379.30609130859375],[112.85943603515625],[408.43951416015625]
623,['wheel'],[0.5503657],[90.45111846923828],[379.42999267578125],[117.16068267822266],[408.8064270019531]
624,['wheel'],[0.50753725],[93.00557708740234],[377.7952880859375],[120.67805480957031],[408.4571838378906]
625,['wheel'],[0.4902966],[96.02344512939453],[378.92767333984375],[124.09832000732422],[409.4164123535156]
626,['wheel'],[0.47877252],[101.58125305175781],[382.69219970703125],[128.427490234375],[410.420166015625]
627,n/a,n/a,0,0,0,0
628,n/a,n/a,0,0,0,0
629,n/a,n/a,0,0,0,0
630,n/a,n/a,0,0,0,0
631,n/a,n/a,0,0,0,0
632,n/a,n/a,0,0,0,0
633,n/a,n/a,0,0,0,0
634,n/a,n/a,0,0,0,0
635,n/a,n/a,0,0,0,0
636,n/a,n/a,0,0,0,0
637,n/a,n/a,0,0,0,0
638,n/a,n/a,0,0,0,0
639,n/a,n/a,0,0,0,0
640,n/a,n/a,0,0,0,0
641,n/a,n/a,0,0,0,0
642,n/a,n/a,0,0,0,0
643,n/a,n/a,0,0,0,0
644,n/a,n/a,0,0,0,0
645,n/a,n/a,0,0,0,0
646,n/a,n/a,0,0,0,0
647,['wheel'],[0.49542245],[233.48475646972656],[389.8212585449219],[263.71990966796875],[432.8998718261719]
648,n/a,n/a,0,0,0,0
649,"['wheel', 'wheel']",[0.48011303 0.47049332],"[144.29849243164062, 252.36187744140625]","[438.5158996582031, 394.5845031738281]","[167.21084594726562, 281.6296691894531]","[468.35479736328125, 433.55072021484375]"
650,"['wheel', 'wheel']",[0.515437   0.45471433],"[260.3377685546875, 153.0100860595703]","[396.4488220214844, 442.769287109375]","[291.3455810546875, 174.919921875]","[437.2521667480469, 469.830810546875]"
651,"['wheel', 'wheel']",[0.47353554 0.48938146],"[272.2992248535156, 160.61099243164062]","[394.62725830078125, 441.6171569824219]","[300.47784423828125, 184.36180114746094]","[433.24249267578125, 474.17327880859375]"
652,"['wheel', 'wheel']",[0.49115086 0.47292688],"[165.15611267089844, 84.83621215820312]","[443.50311279296875, 418.02154541015625]","[192.47756958007812, 114.78496551513672]","[474.4485778808594, 449.01519775390625]"
653,"['wheel', 'wheel']",[0.5525397 0.4785288],"[295.78204345703125, 158.1855010986328]","[397.2497253417969, 422.51531982421875]","[323.0072021484375, 205.5688934326172]","[440.247802734375, 472.74627685546875]"
654,"['wheel', 'wheel']",[0.53291136 0.55880857],"[306.2160949707031, 174.392333984375]","[397.3186340332031, 426.6357421875]","[334.2190246582031, 222.41664123535156]","[438.53558349609375, 474.2142333984375]"
655,['wheel'],[0.60206157],[319.21820068359375],[397.7575378417969],[346.694091796875],[443.36968994140625]
656,['wheel'],[0.57892436],[331.6932678222656],[395.1708984375],[360.9184875488281],[445.7532653808594]
657,"['wheel', 'wheel']",[0.55880857 0.52877676],"[108.62958526611328, 196.94183349609375]","[425.32513427734375, 431.2473449707031]","[129.12789916992188, 255.4875946044922]","[462.0254211425781, 485.2223205566406]"
658,"['wheel', 'wheel', 'wheel']",[0.5926666  0.5580862  0.53801244],"[206.52664184570312, 101.32799530029297, 351.87677001953125]","[429.8821716308594, 416.68017578125, 408.3587951660156]","[266.61004638671875, 132.10638427734375, 385.71002197265625]","[488.9621887207031, 461.6058349609375, 450.6779479980469]"
659,"['wheel', 'wheel', 'wheel']",[0.6592955  0.5660185  0.50698805],"[217.28140258789062, 114.4665756225586, 363.01641845703125]","[432.8767395019531, 424.83563232421875, 408.40130615234375]","[280.3959655761719, 140.32769775390625, 401.972412109375]","[492.04241943359375, 464.5194091796875, 455.801025390625]"
660,"['wheel', 'wheel']",[0.677474  0.5855752],"[228.0288543701172, 381.3766174316406]","[431.5037536621094, 412.040771484375]","[290.255126953125, 418.127685546875]","[495.8448486328125, 460.0052185058594]"
661,"['wheel', 'wheel', 'wheel']",[0.64779824 0.5784482  0.5636182 ],"[239.99600219726562, 395.93829345703125, 124.83975219726562]","[431.4184875488281, 410.6181945800781, 424.9786376953125]","[304.4540710449219, 436.42333984375, 153.54588317871094]","[500.204345703125, 462.2236633300781, 466.8041687011719]"
662,"['wheel', 'wheel', 'wheel', 'wheel']",[0.7201715  0.5717666  0.62337685 0.53728414],"[253.74188232421875, 159.3720703125, 131.34585571289062, 415.8692932128906]","[438.72711181640625, 430.5096130371094, 424.65155029296875, 411.2189025878906]","[312.29669189453125, 194.03945922851562, 159.91505432128906, 454.33905029296875]","[503.1740417480469, 470.37530517578125, 467.73724365234375, 462.39959716796875]"
663,"['wheel', 'wheel', 'wheel']",[0.69760895 0.66974485 0.48785636],"[268.49188232421875, 136.69029235839844, 436.2132873535156]","[439.8858947753906, 424.6432189941406, 412.5226135253906]","[327.1340026855469, 167.77882385253906, 475.5306091308594]","[505.4953918457031, 471.59136962890625, 465.4065246582031]"
664,"['wheel', 'wheel', 'wheel']",[0.7090191  0.6791787  0.46441576],"[280.3625183105469, 145.3042755126953, 454.8179016113281]","[441.122802734375, 426.0830078125, 417.69073486328125]","[335.5181579589844, 178.41696166992188, 491.4723205566406]","[510.36407470703125, 473.7634582519531, 470.09552001953125]"
665,"['wheel', 'wheel']",[0.70821255 0.62245935],"[295.2531433105469, 152.4490966796875]","[444.7330322265625, 427.9316711425781]","[352.6459045410156, 184.9365234375]","[514.5877075195312, 472.36004638671875]"
666,"['wheel', 'wheel']",[0.67490816 0.60673153],"[309.5046691894531, 161.77639770507812]","[446.7613830566406, 430.9912414550781]","[378.5260925292969, 195.74905395507812]","[519.7650146484375, 475.97808837890625]"
667,"['wheel', 'wheel']",[0.65401137 0.6270382 ],"[328.5275573730469, 168.77793884277344]","[450.12103271484375, 432.0781555175781]","[400.422607421875, 205.06178283691406]","[525.7462768554688, 478.17535400390625]"
668,"['wheel', 'wheel']",[0.6169358 0.6442251],"[176.61785888671875, 345.4728698730469]","[434.1765441894531, 454.0530090332031]","[215.69093322753906, 418.06158447265625]","[480.9598388671875, 529.0046997070312]"
669,"['wheel', 'wheel']",[0.722527   0.60626537],"[365.0639343261719, 185.775146484375]","[458.4842224121094, 436.5766906738281]","[430.0373229980469, 226.980224609375]","[537.5546264648438, 483.7405090332031]"
670,"['wheel', 'wheel']",[0.70089483 0.60626537],"[386.58038330078125, 196.5348358154297]","[463.1007080078125, 441.8113098144531]","[451.517578125, 239.0753173828125]","[542.2967529296875, 487.9034423828125]"
671,"['wheel', 'wheel']",[0.73866904 0.5798763 ],"[409.2647705078125, 206.73265075683594]","[467.247314453125, 444.46929931640625]","[476.7769470214844, 249.74632263183594]","[551.4955444335938, 490.9189147949219]"
672,"['wheel', 'wheel']",[0.7033458  0.57701874],"[435.2253723144531, 220.56658935546875]","[474.483642578125, 446.582275390625]","[506.3717041015625, 262.85760498046875]","[560.1116943359375, 492.5852966308594]"
673,"['wheel', 'wheel']",[0.7676898  0.49359167],"[466.4769592285156, 231.5154571533203]","[477.3112487792969, 448.8276062011719]","[541.7215576171875, 280.4410095214844]","[568.8931274414062, 495.9274597167969]"
674,"['wheel', 'wheel']",[0.65577704 0.7325918 ],"[244.08822631835938, 493.80712890625]","[451.309326171875, 485.70574951171875]","[292.15692138671875, 571.9738159179688]","[501.3812561035156, 577.69775390625]"
675,"['wheel', 'wheel']",[0.5940803  0.73105854],"[257.1629333496094, 522.597412109375]","[453.3395690917969, 488.9276123046875]","[307.9604187011719, 606.9553833007812]","[504.7084655761719, 586.4859619140625]"
676,"['wheel', 'wheel']",[0.7233095 0.6442251],"[551.552490234375, 274.35308837890625]","[494.75665283203125, 452.18804931640625]","[647.4183959960938, 320.9805908203125]","[596.099609375, 509.00439453125]"
677,"['wheel', 'wheel']",[0.74167407 0.58367807],"[585.4051513671875, 282.31683349609375]","[497.69281005859375, 453.0231018066406]","[687.711669921875, 341.95947265625]","[605.044921875, 513.8977661132812]"
678,"['wheel', 'wheel']",[0.69678426 0.5619361 ],"[617.8986206054688, 299.4325866699219]","[507.3751220703125, 453.3876953125]","[734.4642944335938, 368.3515319824219]","[616.6918334960938, 517.888671875]"
679,"['wheel', 'wheel']",[0.70089483 0.62245935],"[660.1041870117188, 318.6284484863281]","[514.1664428710938, 462.8240661621094]","[775.5445556640625, 385.1390686035156]","[625.8121337890625, 524.7582397460938]"
680,"['wheel', 'wheel']",[0.76629364 0.62062156],"[700.6797485351562, 338.12225341796875]","[522.3018798828125, 462.7436218261719]","[829.5888671875, 402.08447265625]","[642.2062377929688, 531.4205322265625]"
681,"['wheel', 'wheel']",[0.7162186  0.65665823],"[751.1485595703125, 356.24334716796875]","[534.4139404296875, 466.00531005859375]","[880.21630859375, 429.04315185546875]","[651.948974609375, 536.1445922851562]"
682,"['wheel', 'wheel']",[0.7017131 0.6680145],"[805.9107055664062, 375.88677978515625]","[544.0899047851562, 470.7577819824219]","[930.550048828125, 440.5802001953125]","[662.0703125, 541.3782348632812]"
683,"['wheel', 'wheel']",[0.6984323 0.6959583],"[857.6386108398438, 397.8488464355469]","[554.9822998046875, 473.9952697753906]","[987.0884399414062, 468.8803405761719]","[675.1483154296875, 550.2955322265625]"
684,"['wheel', 'wheel']",[0.70740473 0.6680145 ],"[418.5240783691406, 915.7398071289062]","[476.3735046386719, 564.83349609375]","[493.4450988769531, 1048.7679443359375]","[557.1644897460938, 692.1207275390625]"
685,"['wheel', 'wheel']",[0.73866904 0.69760895],"[966.2196655273438, 448.8157653808594]","[570.1023559570312, 483.1597900390625]","[1112.0487060546875, 521.4177856445312]","[708.5199584960938, 565.1958618164062]"
686,"['wheel', 'wheel']",[0.75635755 0.75346667],"[1022.3858032226562, 470.9839172363281]","[581.7081298828125, 484.9580383300781]","[1169.9781494140625, 551.592529296875]","[721.9305419921875, 572.707275390625]"
687,"['wheel', 'wheel']",[0.7490872 0.7577944],"[499.13177490234375, 1096.6947021484375]","[493.437255859375, 606.939453125]","[593.91357421875, 1242.9302978515625]","[587.1436157226562, 735.8810424804688]"
688,"['wheel', 'wheel']",[0.7826625  0.78133065],"[528.499755859375, 1152.485107421875]","[499.72198486328125, 615.1558227539062]","[624.9415893554688, 1296.6363525390625]","[592.768798828125, 749.6534423828125]"
689,"['wheel', 'wheel', 'wheel']",[0.7745834  0.7279754  0.49786377],"[562.5377807617188, 1212.81787109375, 70.7322769165039]","[506.90997314453125, 628.5556030273438, 407.84783935546875]","[666.5585327148438, 1361.66845703125, 89.44672393798828]","[602.2091674804688, 767.9404296875, 435.05120849609375]"
690,"['wheel', 'wheel', 'wheel']",[0.7745834  0.6006569  0.45350388],"[600.2421875, 1260.4317626953125, 74.71204376220703]","[515.220947265625, 644.1233520507812, 408.4422912597656]","[706.085693359375, 1417.992919921875, 91.72294616699219]","[615.6702880859375, 784.8184204101562, 435.9647216796875]"
691,['wheel'],[0.78530854],[642.7673950195312],[525.0835571289062],[749.0186767578125],[624.171630859375]
692,['wheel'],[0.7866228],[684.3351440429688],[534.192626953125],[798.908203125],[637.3071899414062]
693,['wheel'],[0.7799929],[727.1416015625],[541.0396728515625],[860.9767456054688],[651.1591186523438]
694,['wheel'],[0.75201255],[776.28759765625],[554.1427612304688],[912.3754272460938],[663.0444946289062]
695,['wheel'],[0.7606507],[835.1346435546875],[564.7054443359375],[968.907470703125],[676.3527221679688]
696,['wheel'],[0.7759446],[887.3727416992188],[572.4904174804688],[1018.31640625],[693.5256958007812]
697,['wheel'],[0.73866904],[948.8004150390625],[588.0130615234375],[1084.79052734375],[707.204833984375]
698,"['wheel', 'wheel']",[0.754915   0.46150213],"[999.6975708007812, 112.78599548339844]","[598.2962646484375, 416.3018493652344]","[1147.028564453125, 129.02113342285156]","[720.2814331054688, 442.8043518066406]"
699,['wheel'],[0.7272012],[1071.502685546875],[610.0194702148438],[1204.858154296875],[734.7216186523438]
700,"['wheel', 'wheel', 'wheel']",[0.7201715  0.48316064 0.54673815],"[1130.369873046875, 80.71235656738281, 125.2305908203125]","[622.477294921875, 415.7105407714844, 419.68939208984375]","[1271.8785400390625, 95.32472229003906, 143.08656311035156]","[749.77978515625, 437.52191162109375, 447.639404296875]"
701,"['wheel', 'wheel']",[0.74761593 0.4605315 ],"[1205.224853515625, 129.82913208007812]","[638.8802490234375, 424.432373046875]","[1335.8402099609375, 147.73226928710938]","[762.8792724609375, 448.52667236328125]"
702,"['wheel', 'wheel', 'wheel']",[0.5426209  0.50216675 0.54673815],"[137.31198120117188, 1265.2816162109375, 87.98548889160156]","[424.8470153808594, 652.0774536132812, 414.6089782714844]","[156.42404174804688, 1398.619873046875, 103.85408020019531]","[451.78802490234375, 774.537353515625, 438.0038757324219]"
703,"['wheel', 'wheel']",[0.5865228 0.5316957],"[141.49667358398438, 92.8438491821289]","[425.35040283203125, 416.10931396484375]","[160.19369506835938, 110.13810729980469]","[454.2664489746094, 439.3697814941406]"
704,"['wheel', 'wheel']",[0.67319167 0.6178586 ],"[146.61231994628906, 96.4765396118164]","[423.44158935546875, 416.1856689453125]","[166.80410766601562, 115.4056396484375]","[455.8271179199219, 441.939208984375]"
705,"['wheel', 'wheel']",[0.6460137 0.6071974],"[155.1876678466797, 102.13357543945312]","[426.9065856933594, 418.8854675292969]","[175.4074249267578, 120.10272216796875]","[457.5062255859375, 443.6978454589844]"
706,"['wheel', 'wheel']",[0.6619229 0.5544705],"[160.8169403076172, 106.89818572998047]","[429.4652099609375, 419.3607177734375]","[180.7994842529297, 123.91757202148438]","[459.2466125488281, 444.449462890625]"
707,"['wheel', 'wheel']",[0.7122322  0.53315437],"[167.4918975830078, 113.10801696777344]","[428.0004577636719, 420.1602783203125]","[188.87384033203125, 130.24842834472656]","[459.5740661621094, 446.1455383300781]"
708,"['wheel', 'wheel', 'wheel']",[0.46757486 0.59690315 0.55615854],"[285.27374267578125, 176.62380981445312, 116.8857650756836]","[401.7989196777344, 430.1293029785156, 419.26690673828125]","[316.6813049316406, 196.74380493164062, 135.59060668945312]","[436.4067077636719, 461.2377624511719, 445.560302734375]"
709,"['wheel', 'wheel']",[0.61277324 0.5428633 ],"[185.70838928222656, 296.51531982421875]","[429.802001953125, 402.4871520996094]","[204.84437561035156, 321.8192138671875]","[462.984619140625, 436.84710693359375]"
710,['wheel'],[0.5940803],[193.76683044433594],[432.5241394042969],[213.24234008789062],[467.20697021484375]
711,['wheel'],[0.6791787],[202.526611328125],[432.5008544921875],[223.46359252929688],[469.85394287109375]
712,['wheel'],[0.6918097],[210.9169464111328],[433.00146484375],[233.29617309570312],[471.9304504394531]
713,"['wheel', 'wheel']",[0.70659554 0.4696419 ],"[219.83837890625, 337.838623046875]","[435.8706359863281, 414.1996765136719]","[243.60008239746094, 360.58636474609375]","[474.5894470214844, 446.7452697753906]"
714,"['wheel', 'wheel']",[0.7371582 0.5387406],"[230.29151916503906, 156.7149658203125]","[437.5191955566406, 433.4319152832031]","[255.1719970703125, 176.74859619140625]","[478.420654296875, 460.2016906738281]"
715,"['wheel', 'wheel']",[0.70089483 0.52244586],"[242.2926483154297, 162.16656494140625]","[439.5408935546875, 426.0806579589844]","[268.0954895019531, 184.98019409179688]","[482.47125244140625, 459.9861755371094]"
716,"['wheel', 'wheel']",[0.6918097  0.49383575],"[254.49462890625, 170.56735229492188]","[443.5456848144531, 432.00341796875]","[282.7994689941406, 191.9682159423828]","[485.64178466796875, 462.7586669921875]"
717,"['wheel', 'wheel']",[0.7287483  0.63883525],"[266.05615234375, 175.44113159179688]","[446.8308410644531, 428.85302734375]","[295.3985595703125, 197.75262451171875]","[489.4929504394531, 464.9057312011719]"
718,"['wheel', 'wheel']",[0.7490872  0.64332926],"[279.1925048828125, 183.5656280517578]","[449.85986328125, 429.96868896484375]","[309.7787170410156, 206.56802368164062]","[493.0289611816406, 467.956298828125]"
719,"['wheel', 'wheel']",[0.74316794 0.65577704],"[291.6108093261719, 194.01954650878906]","[450.58355712890625, 431.3785400390625]","[323.9759826660156, 217.96484375]","[496.35540771484375, 469.04217529296875]"
720,"['wheel', 'wheel']",[0.7302899 0.619241 ],"[305.0011291503906, 202.0504608154297]","[451.9822692871094, 433.15216064453125]","[338.2142639160156, 224.89894104003906]","[499.8358154296875, 469.5108642578125]"
721,"['wheel', 'wheel']",[0.7606507  0.64779824],"[321.4018249511719, 210.83074951171875]","[456.37689208984375, 433.6036376953125]","[356.0161437988281, 236.73565673828125]","[503.1058349609375, 472.0704345703125]"
722,"['wheel', 'wheel']",[0.73866904 0.5568816 ],"[336.9874267578125, 221.0541229248047]","[458.6040954589844, 438.61541748046875]","[375.43646240234375, 246.3759002685547]","[508.2247314453125, 474.18756103515625]"
723,"['wheel', 'wheel']",[0.7577944 0.6099889],"[355.3489990234375, 232.53123474121094]","[463.16876220703125, 439.51116943359375]","[395.09613037109375, 258.1101989746094]","[515.4465942382812, 477.3472595214844]"
724,"['wheel', 'wheel']",[0.76629364 0.6918097 ],"[373.509765625, 244.07278442382812]","[467.46246337890625, 442.4215087890625]","[413.49053955078125, 271.987060546875]","[521.18115234375, 481.6476135253906]"
725,"['wheel', 'wheel']",[0.7799929 0.5846269],"[390.41864013671875, 255.89076232910156]","[468.2202453613281, 445.6813049316406]","[435.1156005859375, 283.33245849609375]","[524.4550170898438, 483.8901672363281]"
726,"['wheel', 'wheel']",[0.7371582  0.54673815],"[410.86419677734375, 269.513427734375]","[472.810791015625, 448.84771728515625]","[459.1455993652344, 297.3583679199219]","[530.3858642578125, 489.3561706542969]"
727,"['wheel', 'wheel']",[0.7130322 0.6757646],"[430.5639343261719, 280.02447509765625]","[477.36614990234375, 449.4516906738281]","[480.11761474609375, 309.9491271972656]","[536.3903198242188, 492.07415771484375]"
728,"['wheel', 'wheel']",[0.7401744 0.6714706],"[457.3176574707031, 296.5108337402344]","[483.7859191894531, 455.0517578125]","[509.2877197265625, 325.5501403808594]","[545.143798828125, 495.3305969238281]"
729,"['wheel', 'wheel']",[0.715424  0.6706083],"[481.8203430175781, 309.54278564453125]","[489.4619140625, 456.0599365234375]","[539.390625, 342.24554443359375]","[554.4397583007812, 500.6550598144531]"
730,"['wheel', 'wheel']",[0.74761593 0.6315943 ],"[504.2198181152344, 323.1389465332031]","[492.1688537597656, 459.325927734375]","[569.2254638671875, 359.4993591308594]","[561.1533203125, 504.5249328613281]"
731,"['wheel', 'wheel']",[0.7606507  0.68846846],"[534.4716796875, 340.78399658203125]","[499.472412109375, 461.7457580566406]","[599.6455078125, 378.49505615234375]","[568.7236328125, 511.7495422363281]"
732,"['wheel', 'wheel']",[0.7718435  0.72095805],"[564.38134765625, 357.10772705078125]","[505.3056335449219, 465.1174621582031]","[636.631103515625, 396.39739990234375]","[577.8801879882812, 516.27197265625]"
733,"['wheel', 'wheel']",[0.754915  0.7325918],"[598.9307861328125, 378.2738342285156]","[514.1239013671875, 470.0699462890625]","[674.0736694335938, 416.7251281738281]","[588.7068481445312, 520.7965087890625]"
734,"['wheel', 'wheel']",[0.7648916 0.722527 ],"[633.22705078125, 397.60162353515625]","[521.4957885742188, 473.042724609375]","[711.8882446289062, 439.65264892578125]","[600.2996826171875, 526.6165161132812]"
735,"['wheel', 'wheel', 'wheel']",[0.7866228  0.7248703  0.46611643],"[673.327392578125, 419.5808410644531, 68.17381286621094]","[531.7364501953125, 478.5093994140625, 412.4703369140625]","[753.6726684570312, 464.6971435546875, 84.8228988647461]","[612.5947265625, 532.5869750976562, 440.5461120605469]"
736,"['wheel', 'wheel']",[0.754915  0.7201715],"[719.6286010742188, 445.0538330078125]","[542.48095703125, 484.56658935546875]","[798.065673828125, 489.6943664550781]","[621.2725830078125, 540.8984375]"
737,"['wheel', 'wheel']",[0.69097626 0.7690802 ],"[468.32550048828125, 759.0401611328125]","[489.93389892578125, 549.3399658203125]","[516.1907958984375, 844.995849609375]","[547.76708984375, 631.598876953125]"
738,"['wheel', 'wheel']",[0.7371582 0.754915 ],"[494.3531494140625, 804.8734130859375]","[495.83111572265625, 558.9983520507812]","[546.6895141601562, 896.4535522460938]","[555.1796875, 643.8696899414062]"
739,"['wheel', 'wheel', 'wheel']",[0.7446563  0.75635755 0.46125942],"[519.6842041015625, 854.368896484375, 81.71488952636719]","[499.3806457519531, 570.09912109375, 416.00665283203125]","[579.587890625, 949.9628295898438, 100.14845275878906]","[563.8076782226562, 658.052490234375, 445.4154052734375]"
740,"['wheel', 'wheel']",[0.7620701 0.7620701],"[905.69287109375, 550.148681640625]","[581.2335205078125, 506.9205017089844]","[1004.0078125, 610.2920532226562]","[673.4706420898438, 573.5492553710938]"
741,"['wheel', 'wheel']",[0.74761593 0.7620701 ],"[582.8629150390625, 959.26611328125]","[515.6160278320312, 593.65673828125]","[646.68701171875, 1063.7921142578125]","[582.985595703125, 687.396728515625]"
742,"['wheel', 'wheel']",[0.7634837  0.74761593],"[1015.3834228515625, 620.79443359375]","[604.4884033203125, 525.6648559570312]","[1126.7545166015625, 683.9962158203125]","[703.186767578125, 594.6990966796875]"
743,"['wheel', 'wheel']",[0.7718435  0.75201255],"[1073.923828125, 658.2105712890625]","[617.4041748046875, 530.1760864257812]","[1186.522705078125, 727.2640380859375]","[715.9104614257812, 604.5252685546875]"
744,"['wheel', 'wheel']",[0.7577944  0.74761593],"[1132.9906005859375, 700.0867309570312]","[632.3777465820312, 540.26025390625]","[1250.967041015625, 772.0853271484375]","[736.6351318359375, 614.497802734375]"
745,"['wheel', 'wheel']",[0.7401744  0.69760895],"[1194.575439453125, 739.23583984375]","[646.8744506835938, 549.2686157226562]","[1309.0687255859375, 818.3985595703125]","[748.1102905273438, 628.5161743164062]"
746,"['wheel', 'wheel', 'wheel', 'wheel']",[0.7634837  0.7193836  0.48206335 0.46806112],"[1255.86279296875, 783.15380859375, 80.6860580444336, 118.9632568359375]","[662.6083374023438, 559.1133422851562, 421.6529846191406, 425.6901550292969]","[1375.4534912109375, 876.4951782226562, 95.47123718261719, 140.95947265625]","[761.0995483398438, 639.3666381835938, 448.0237121582031, 458.0640563964844]"
747,"['wheel', 'wheel', 'wheel', 'wheel']",[0.73411953 0.67319167 0.61970145 0.57367843],"[834.7457885742188, 1318.6357421875, 125.98983764648438, 83.14191436767578]","[571.0761108398438, 677.6057739257812, 428.5595703125, 418.9910583496094]","[929.3233032226562, 1424.7196044921875, 145.7467803955078, 100.72956848144531]","[654.7659301757812, 776.6409301757812, 461.4618225097656, 449.1751708984375]"
748,"['wheel', 'wheel', 'wheel', 'wheel']",[0.7325918  0.6261242  0.53728414 0.57892436],"[884.2525634765625, 130.83265686035156, 1379.447998046875, 84.53465270996094]","[581.0244140625, 429.42095947265625, 694.8688354492188, 418.1014404296875]","[990.3554077148438, 151.45919799804688, 1432.5863037109375, 103.19204711914062]","[669.46533203125, 465.10968017578125, 788.0040283203125, 450.4324035644531]"
749,"['wheel', 'wheel', 'wheel']",[0.62062156 0.55302256 0.7233095 ],"[137.8133544921875, 90.1238784790039, 939.42724609375]","[432.4584655761719, 417.9732360839844, 593.5110473632812]","[158.9142608642578, 109.61808776855469, 1042.058837890625]","[466.44891357421875, 450.90386962890625, 682.7562255859375]"
750,"['wheel', 'wheel', 'wheel']",[0.74167407 0.6288634  0.5207401 ],"[996.4010620117188, 144.78976440429688, 96.92754364013672]","[604.5775146484375, 434.4146423339844, 420.392822265625]","[1101.6201171875, 166.80410766601562, 115.000244140625]","[696.1340942382812, 468.282958984375, 451.66278076171875]"
751,"['wheel', 'wheel', 'wheel']",[0.7217432  0.60533255 0.57320064],"[1055.8321533203125, 150.50718688964844, 102.5150146484375]","[619.40283203125, 438.3481750488281, 423.3026123046875]","[1167.994140625, 173.3214874267578, 120.89138793945312]","[710.289794921875, 470.7245788574219, 454.4458923339844]"
752,"['wheel', 'wheel', 'wheel']",[0.7295198  0.61647415 0.54891527],"[1114.4779052734375, 157.01324462890625, 107.43470001220703]","[633.9964599609375, 435.4830322265625, 424.6229553222656]","[1227.4132080078125, 181.15072631835938, 127.11634063720703]","[726.5817260742188, 471.8970642089844, 456.5023498535156]"
753,"['wheel', 'wheel', 'wheel']",[0.6406359  0.6460137  0.59596294],"[166.7716827392578, 1175.8887939453125, 113.70079040527344]","[438.1571960449219, 648.196044921875, 425.6618957519531]","[190.35491943359375, 1292.757080078125, 132.2994384765625]","[475.42535400390625, 741.2026977539062, 458.8480529785156]"
754,"['wheel', 'wheel', 'wheel']",[0.64779824 0.6415347  0.5448014 ],"[174.0335235595703, 116.46666717529297, 1239.817138671875]","[439.4826354980469, 426.1720886230469, 664.3829956054688]","[197.6353302001953, 135.9121856689453, 1354.80126953125]","[478.16314697265625, 462.60540771484375, 756.1520385742188]"
755,"['wheel', 'wheel', 'wheel']",[0.68172675 0.6460137  0.54673815],"[178.94139099121094, 120.36935424804688, 1299.027099609375]","[440.48590087890625, 427.6082763671875, 679.6837158203125]","[205.94491577148438, 143.0732421875, 1414.3927001953125]","[479.6964111328125, 463.7752990722656, 773.9971313476562]"
756,"['wheel', 'wheel', 'wheel']",[0.684264   0.5917232  0.53825516],"[188.58924865722656, 125.52001953125, 1355.020263671875]","[442.1769714355469, 427.1397705078125, 694.7444458007812]","[217.64503479003906, 149.61984252929688, 1432.5140380859375]","[482.255859375, 462.95452880859375, 782.7484130859375]"
757,"['wheel', 'wheel']",[0.63973606 0.57080984],"[198.61236572265625, 138.1175079345703]","[445.9323425292969, 430.66839599609375]","[225.1086883544922, 159.2158966064453]","[485.4012451171875, 464.7712707519531]"
758,"['wheel', 'wheel', 'wheel']",[0.6654106  0.58841616 0.46806112],"[208.1641845703125, 145.63803100585938, 343.5124816894531]","[446.10577392578125, 431.4548645019531, 429.64569091796875]","[235.47018432617188, 164.22552490234375, 362.8349914550781]","[489.1302490234375, 465.3338623046875, 458.0896911621094]"
759,"['wheel', 'wheel']",[0.70821255 0.6959583 ],"[148.84799194335938, 217.2161865234375]","[433.07708740234375, 449.69390869140625]","[169.34527587890625, 245.01580810546875]","[471.0923767089844, 490.9347229003906]"
760,"['wheel', 'wheel']",[0.73411953 0.72095805],"[154.4820556640625, 229.1161346435547]","[433.0975036621094, 450.09234619140625]","[177.6560821533203, 256.6036376953125]","[472.0787658691406, 495.558349609375]"
761,"['wheel', 'wheel']",[0.68172675 0.6270382 ],"[240.4042205810547, 164.571533203125]","[453.0383605957031, 435.1706848144531]","[270.2804260253906, 188.3655242919922]","[498.97674560546875, 474.70654296875]"
762,"['wheel', 'wheel']",[0.7122322  0.63793355],"[254.3922119140625, 171.82749938964844]","[456.6787109375, 436.4420471191406]","[284.8746643066406, 194.04019165039062]","[502.93896484375, 477.0924377441406]"
763,"['wheel', 'wheel']",[0.64332926 0.51903373],"[179.9294891357422, 261.5680236816406]","[440.0388488769531, 454.9746398925781]","[203.46099853515625, 298.1970520019531]","[479.81396484375, 506.3341979980469]"
764,"['wheel', 'wheel']",[0.6081287 0.580352 ],"[190.4741973876953, 276.0804138183594]","[444.1228942871094, 458.90496826171875]","[215.59490966796875, 313.2264404296875]","[483.24932861328125, 511.2969970703125]"
765,"['wheel', 'wheel']",[0.6548947 0.6522414],"[200.6147003173828, 288.70452880859375]","[442.3921813964844, 460.9853210449219]","[225.58216857910156, 329.8304138183594]","[484.54376220703125, 515.3292236328125]"
766,"['wheel', 'wheel']",[0.6680145 0.6645403],"[209.7599639892578, 305.15521240234375]","[443.4809265136719, 465.2991638183594]","[235.0192108154297, 346.5969543457031]","[488.81890869140625, 520.7891845703125]"
767,"['wheel', 'wheel']",[0.71701187 0.6451199 ],"[320.5941467285156, 220.91567993164062]","[469.9833679199219, 449.3521728515625]","[363.8935852050781, 246.1662139892578]","[526.99755859375, 490.7162170410156]"
768,"['wheel', 'wheel']",[0.6584175  0.70659554],"[231.56881713867188, 337.4594421386719]","[450.76763916015625, 472.7535400390625]","[260.2143249511719, 382.7510986328125]","[495.26934814453125, 532.4511108398438]"
769,"['wheel', 'wheel']",[0.70821255 0.6215409 ],"[355.9959716796875, 241.8450164794922]","[476.239990234375, 450.2851257324219]","[403.7841796875, 270.6896667480469]","[538.277587890625, 497.8851013183594]"
770,"['wheel', 'wheel']",[0.7446563 0.7233095],"[375.3463134765625, 252.36891174316406]","[483.0554504394531, 451.79290771484375]","[427.24639892578125, 290.1364440917969]","[545.0743408203125, 504.4100036621094]"
771,"['wheel', 'wheel']",[0.7371582 0.7248703],"[265.01470947265625, 397.62567138671875]","[454.281494140625, 487.3786315917969]","[303.8343200683594, 452.4716796875]","[509.4227294921875, 553.4200439453125]"
772,"['wheel', 'wheel']",[0.7490872 0.7325918],"[419.1912841796875, 278.6910705566406]","[491.407958984375, 458.5894775390625]","[477.54681396484375, 318.9746398925781]","[560.2031860351562, 513.5931396484375]"
773,"['wheel', 'wheel']",[0.74761593 0.7577944 ],"[295.75091552734375, 445.1361389160156]","[461.871337890625, 496.6067199707031]","[335.170654296875, 505.59716796875]","[517.8411865234375, 567.3892822265625]"
774,"['wheel', 'wheel']",[0.73866904 0.7302899 ],"[310.8404846191406, 469.14111328125]","[465.9359436035156, 500.73114013671875]","[351.50299072265625, 533.6353149414062]","[523.80908203125, 575.795166015625]"
775,"['wheel', 'wheel']",[0.7356416 0.7371582],"[326.7989807128906, 497.0210266113281]","[468.0341491699219, 508.23919677734375]","[371.67401123046875, 565.97705078125]","[530.0171508789062, 584.634521484375]"
776,"['wheel', 'wheel', 'wheel']",[0.75635755 0.74167407 0.5450436 ],"[528.9393920898438, 344.115966796875, 335.9980163574219]","[515.589599609375, 471.1573181152344, 373.0552673339844]","[600.9736328125, 392.10577392578125, 358.1976318359375]","[594.1049194335938, 535.6860961914062, 405.5786437988281]"
777,"['wheel', 'wheel', 'wheel']",[0.7759446  0.77864933 0.49194404],"[362.48193359375, 564.4973754882812, 347.7978210449219]","[476.7010803222656, 522.97021484375, 371.4017639160156]","[417.3902893066406, 642.99951171875, 384.71307373046875]","[546.3834838867188, 607.84423828125, 417.02923583984375]"
778,"['wheel', 'wheel', 'wheel']",[0.78530854 0.74316794 0.55084896],"[599.7510986328125, 382.5444641113281, 369.8333740234375]","[530.994140625, 480.1429443359375, 372.5667724609375]","[681.158447265625, 438.924072265625, 401.83612060546875]","[618.0338134765625, 547.9022216796875, 412.6125793457031]"
779,"['wheel', 'wheel', 'wheel']",[0.7759446  0.74167407 0.60159355],"[635.9637451171875, 404.27880859375, 391.1915588378906]","[539.3018798828125, 485.828369140625, 373.6636962890625]","[722.3848266601562, 464.6973571777344, 424.0543212890625]","[630.7191772460938, 555.8806762695312, 414.558837890625]"
780,"['wheel', 'wheel', 'wheel']",[0.78530854 0.74316794 0.6141626 ],"[676.1309204101562, 426.9773254394531, 413.1292724609375]","[550.8218383789062, 490.8108215332031, 375.2242736816406]","[771.9651489257812, 488.1677551269531, 450.72930908203125]","[643.2945556640625, 562.0798950195312, 418.8541564941406]"
781,"['wheel', 'wheel', 'wheel']",[0.754915   0.75201255 0.6584175 ],"[719.5941772460938, 451.5927734375, 436.135009765625]","[558.442138671875, 495.1940002441406, 375.3747863769531]","[820.8457641601562, 516.7223510742188, 475.1972351074219]","[654.1221923828125, 570.8069458007812, 421.59185791015625]"
782,"['wheel', 'wheel', 'wheel']",[0.77321637 0.7718435  0.6662797 ],"[763.9038696289062, 477.3210144042969, 461.30938720703125]","[569.7177124023438, 501.1493835449219, 377.1830139160156]","[870.832763671875, 550.3831176757812, 503.6691589355469]","[668.3351440429688, 579.0763549804688, 424.78253173828125]"
783,"['wheel', 'wheel', 'wheel']",[0.7759446  0.75635755 0.63431686],"[808.151123046875, 507.8893737792969, 490.9271240234375]","[579.9818725585938, 508.2737731933594, 381.4993896484375]","[928.1863403320312, 582.2037353515625, 533.5210571289062]","[682.4889526367188, 589.8158569335938, 426.4612731933594]"
784,"['wheel', 'wheel', 'wheel']",[0.75635755 0.7606507  0.6522414 ],"[862.1905517578125, 541.1400756835938, 517.6489868164062]","[589.9932250976562, 514.5838012695312, 382.3543701171875]","[978.7058715820312, 615.3541259765625, 562.76953125]","[695.5745239257812, 599.5119018554688, 430.25921630859375]"
785,"['wheel', 'wheel', 'wheel']",[0.78530854 0.78530854 0.6783269 ],"[916.5044555664062, 575.907470703125, 548.8323974609375]","[602.7548828125, 522.3419189453125, 384.20880126953125]","[1039.2562255859375, 656.1599731445312, 596.0585327148438]","[712.7578125, 611.2492065429688, 433.5454406738281]"
786,"['wheel', 'wheel', 'wheel']",[0.7759446  0.76629364 0.68257374],"[974.2969360351562, 611.8069458007812, 584.0985107421875]","[617.5028076171875, 530.587890625, 389.1654357910156]","[1100.5474853515625, 699.4708251953125, 631.1354370117188]","[728.3797607421875, 625.6886596679688, 438.8207702636719]"
787,"['wheel', 'wheel', 'wheel']",[0.7620701  0.7634837  0.69014156],"[1033.7413330078125, 649.321533203125, 620.0064086914062]","[630.021484375, 539.0616455078125, 392.3955993652344]","[1161.503173828125, 743.4690551757812, 667.8568115234375]","[743.2518310546875, 639.681396484375, 444.3251953125]"
788,"['wheel', 'wheel', 'wheel']",[0.7799929 0.7690802 0.6893056],"[1090.249755859375, 689.9644775390625, 659.8489379882812]","[643.6559448242188, 549.1624755859375, 396.5619201660156]","[1228.909423828125, 793.7786254882812, 709.442138671875]","[759.9786376953125, 647.93408203125, 449.98443603515625]"
789,"['wheel', 'wheel', 'wheel']",[0.754915  0.7690802 0.6252093],"[1149.9803466796875, 732.6155395507812, 697.2310180664062]","[658.09765625, 558.25732421875, 398.96917724609375]","[1289.3145751953125, 842.477294921875, 753.4281616210938]","[775.6434326171875, 660.5202026367188, 456.73583984375]"
790,"['wheel', 'wheel', 'wheel']",[0.79692537 0.7704648  0.6645403 ],"[782.2030639648438, 1214.8719482421875, 745.0429077148438]","[569.14599609375, 672.7064819335938, 403.2721252441406]","[893.626220703125, 1354.6456298828125, 802.8471069335938]","[672.967529296875, 790.3701782226562, 461.6981201171875]"
791,"['wheel', 'wheel', 'wheel']",[0.7892337  0.7676898  0.73866904],"[832.994873046875, 1275.199462890625, 791.7151489257812]","[580.8505859375, 687.498779296875, 408.3519287109375]","[948.59716796875, 1411.90576171875, 854.1820068359375]","[687.4644165039062, 803.6121215820312, 468.8591003417969]"
792,"['wheel', 'wheel', 'wheel']",[0.75635755 0.7130322  0.66104823],"[884.518798828125, 842.3424682617188, 1345.7200927734375]","[592.4349365234375, 415.83935546875, 702.3075561523438]","[1005.5464477539062, 906.3023071289062, 1433.950439453125]","[706.6250610351562, 479.71026611328125, 807.1646118164062]"
793,"['wheel', 'wheel']",[0.7648916 0.7490872],"[941.5682983398438, 897.7368774414062]","[604.2844848632812, 422.582763671875]","[1061.8646240234375, 958.6531982421875]","[717.06640625, 489.2261962890625]"
794,"['wheel', 'wheel']",[0.7676898 0.7185944],"[996.5682983398438, 950.9334716796875]","[616.4262084960938, 429.6336975097656]","[1124.853515625, 1024.1439208984375]","[733.452392578125, 497.1537780761719]"
795,"['wheel', 'wheel']",[0.7287483  0.68172675],"[1057.953369140625, 1016.0089111328125]","[631.4080810546875, 439.8766174316406]","[1184.14453125, 1086.9556884765625]","[749.2752075195312, 509.61346435546875]"
796,"['wheel', 'wheel']",[0.7892337  0.68257374],"[1123.1763916015625, 1075.1590576171875]","[644.051513671875, 447.60418701171875]","[1256.9847412109375, 1151.759521484375]","[760.2332153320312, 519.6282958984375]"
797,"['wheel', 'wheel']",[0.7759446 0.6834195],"[1185.747314453125, 1138.1575927734375]","[660.3230590820312, 458.90643310546875]","[1319.1866455078125, 1215.367919921875]","[779.0855102539062, 530.4802856445312]"
798,"['wheel', 'wheel']",[0.7905303  0.70578504],"[1242.7230224609375, 1197.8431396484375]","[675.4287719726562, 469.2374572753906]","[1380.590087890625, 1278.8154296875]","[789.3724975585938, 540.5811767578125]"
799,"['wheel', 'wheel']",[0.7401744 0.6943027],"[1310.8878173828125, 1264.3614501953125]","[690.9681396484375, 482.9420471191406]","[1424.858154296875, 1341.2569580078125]","[801.9510498046875, 555.0333251953125]"
800,"['wheel', 'wheel']",[0.69678426 0.619241  ],"[1327.11279296875, 1373.6328125]","[497.5968322753906, 711.42919921875]","[1405.6353759765625, 1433.486083984375]","[567.6981811523438, 809.4225463867188]"
801,n/a,n/a,0,0,0,0
802,n/a,n/a,0,0,0,0
803,n/a,n/a,0,0,0,0
804,n/a,n/a,0,0,0,0
805,n/a,n/a,0,0,0,0
806,n/a,n/a,0,0,0,0
807,['wheel'],[0.5353413],[27.42287254333496],[402.3958435058594],[51.83422088623047],[436.139404296875]
808,['wheel'],[0.57320064],[30.99051856994629],[400.34686279296875],[58.501136779785156],[435.9433898925781]
809,['wheel'],[0.5264645],[34.12784194946289],[401.3935852050781],[58.688819885253906],[436.9283447265625]
810,['wheel'],[0.50994736],[38.07846450805664],[409.28717041015625],[61.76411819458008],[438.72650146484375]
811,['wheel'],[0.50065994],[39.279178619384766],[406.7175598144531],[64.92179870605469],[437.7852783203125]
812,['wheel'],[0.50034523],[40.72092056274414],[405.43048095703125],[66.0380859375],[439.7341613769531]
813,['wheel'],[0.5110456],[44.88358688354492],[404.2290954589844],[70.85441589355469],[440.0238342285156]
814,n/a,n/a,0,0,0,0
815,['wheel'],[0.47499645],[50.76746368408203],[403.20281982421875],[82.66329193115234],[440.6199645996094]
816,n/a,n/a,0,0,0,0
817,['wheel'],[0.5254906],[56.958274841308594],[409.6695861816406],[87.26793670654297],[448.01422119140625]
818,['wheel'],[0.5341265],[57.34103012084961],[406.54150390625],[89.74502563476562],[447.4228210449219]
819,['wheel'],[0.5794004],[59.121341705322266],[405.40118408203125],[90.98145294189453],[448.53424072265625]
820,"['wheel', 'wheel']",[0.52975    0.45205212],"[59.08353805541992, 190.7603302001953]","[404.9117431640625, 386.3567810058594]","[92.37437438964844, 213.41595458984375]","[448.2716064453125, 423.467041015625]"
821,n/a,n/a,0,0,0,0
822,n/a,n/a,0,0,0,0
823,n/a,n/a,0,0,0,0
824,['wheel'],[0.46563044],[83.05476379394531],[407.09625244140625],[125.01068878173828],[454.5970153808594]
825,['wheel'],[0.519887],[89.0370101928711],[406.2122802734375],[118.70008850097656],[453.4477233886719]
826,n/a,n/a,0,0,0,0
827,['wheel'],[0.48340455],[102.59294128417969],[410.48284912109375],[149.65916442871094],[461.6299133300781]
828,n/a,n/a,0,0,0,0
829,n/a,n/a,0,0,0,0
830,['wheel'],[0.55084896],[111.25379943847656],[419.6790771484375],[155.32032775878906],[463.8177795410156]
831,['wheel'],[0.66974485],[113.92152404785156],[409.8050537109375],[159.99803161621094],[466.490966796875]
832,n/a,n/a,0,0,0,0
833,n/a,n/a,0,0,0,0
834,"['wheel', 'wheel']",[0.5306014  0.45447215],"[51.0992431640625, 145.656982421875]","[420.7216796875, 431.2254943847656]","[74.99676513671875, 186.31101989746094]","[453.7440185546875, 471.0924987792969]"
835,"['wheel', 'wheel']",[0.5399537  0.57701874],"[51.038795471191406, 149.44580078125]","[419.2420349121094, 430.2568054199219]","[79.11225128173828, 188.27572631835938]","[455.05364990234375, 476.6571350097656]"
836,['wheel'],[0.5626571],[163.9034881591797],[439.26995849609375],[201.3717498779297],[479.150146484375]
837,"['wheel', 'wheel']",[0.7098244  0.64779824],"[158.4140167236328, 60.909461975097656]","[423.43524169921875, 414.7349853515625]","[205.90928649902344, 90.50978088378906]","[489.2641296386719, 459.36383056640625]"
838,"['wheel', 'wheel']",[0.58367807 0.64243245],"[65.50550079345703, 160.09547424316406]","[415.81494140625, 417.3941955566406]","[92.40444946289062, 218.4583282470703]","[457.8157043457031, 491.8887023925781]"
839,"['wheel', 'wheel']",[0.7193836 0.5679366],"[169.63784790039062, 67.36507415771484]","[413.3076477050781, 415.5768127441406]","[227.0323486328125, 95.52934265136719]","[494.1075134277344, 459.3757019042969]"
840,"['wheel', 'wheel']",[0.7178038 0.6215409],"[177.1710205078125, 72.04608917236328]","[418.4268493652344, 416.89801025390625]","[235.28822326660156, 97.08761596679688]","[493.8572998046875, 458.4434509277344]"
841,"['wheel', 'wheel']",[0.56457865 0.6575384 ],"[76.90396118164062, 197.05865478515625]","[420.0569152832031, 429.73712158203125]","[99.45783233642578, 246.525634765625]","[458.8344421386719, 496.13519287109375]"
842,"['wheel', 'wheel']",[0.59549254 0.62016165],"[82.00688171386719, 208.80844116210938]","[423.9189453125, 431.6924133300781]","[107.27413177490234, 262.4795837402344]","[466.9130859375, 498.7928466796875]"
843,['wheel'],[0.6104535],[212.88636779785156],[427.968994140625],[278.75634765625],[509.5516357421875]
844,['wheel'],[0.6215409],[231.71200561523438],[436.46087646484375],[294.0906066894531],[509.98211669921875]
845,['wheel'],[0.6513549],[235.79994201660156],[426.7660827636719],[310.81561279296875],[512.328857421875]
846,['wheel'],[0.55157375],[100.4428482055664],[436.8445129394531],[136.55982971191406],[477.8015441894531]
847,['wheel'],[0.4622303],[274.4636535644531],[426.8524169921875],[336.650390625],[521.9939575195312]
848,['wheel'],[0.63793355],[281.968505859375],[433.25311279296875],[363.76959228515625],[533.787353515625]
849,['wheel'],[0.7592254],[305.7803039550781],[449.0522155761719],[382.3211669921875],[539.4998168945312]
850,['wheel'],[0.71701187],[323.507568359375],[452.1291809082031],[405.57159423828125],[546.2412719726562]
851,"['wheel', 'wheel']",[0.7017131 0.4901746],"[341.5810241699219, 109.93297576904297]","[458.1209716796875, 434.39056396484375]","[425.3204650878906, 166.68353271484375]","[558.0211791992188, 486.78924560546875]"
852,"['wheel', 'wheel']",[0.7401744  0.47487468],"[360.2005310058594, 114.87996673583984]","[450.9784851074219, 434.59881591796875]","[449.2216491699219, 170.88548278808594]","[565.4099731445312, 485.6071472167969]"
853,['wheel'],[0.692642],[373.07073974609375],[446.4727783203125],[477.1671142578125],[573.6126098632812]
854,['wheel'],[0.7201715],[398.1138916015625],[455.8668212890625],[500.9525146484375],[583.17236328125]
855,['wheel'],[0.7759446],[416.9051513671875],[456.8412780761719],[529.8549194335938],[591.8153076171875]
856,['wheel'],[0.7745834],[449.9203796386719],[463.6947021484375],[560.3161010742188],[599.7305908203125]
857,['wheel'],[0.7041601],[480.5271301269531],[491.7395935058594],[588.59716796875],[609.2510375976562]
858,['wheel'],[0.7772999],[509.09967041015625],[492.8614807128906],[625.5450439453125],[619.4909057617188]
859,['wheel'],[0.7905303],[558.452880859375],[507.1302795410156],[666.00439453125],[630.8482055664062]
860,['wheel'],[0.7620701],[600.717041015625],[524.2236328125],[706.783935546875],[641.7047119140625]
861,['wheel'],[0.7704648],[633.6264038085938],[527.266357421875],[753.4060668945312],[654.4772338867188]
862,['wheel'],[0.79182106],[680.6441650390625],[538.0450439453125],[801.215087890625],[671.5468139648438]
863,['wheel'],[0.79310596],[725.6820068359375],[548.036376953125],[851.7099609375],[683.593994140625]
864,"['wheel', 'wheel']",[0.78133065 0.52609926],"[768.2046508789062, 274.122802734375]","[556.0499267578125, 461.3509216308594]","[908.446533203125, 330.4590148925781]","[694.2343139648438, 532.6067504882812]"
865,"['wheel', 'wheel']",[0.7879312  0.49227968],"[823.9452514648438, 295.21209716796875]","[568.0928344726562, 467.58209228515625]","[967.4883422851562, 348.2356872558594]","[710.106689453125, 536.3915405273438]"
866,['wheel'],[0.754915],[876.93994140625],[576.533203125],[1026.0960693359375],[725.23388671875]
867,"['wheel', 'wheel']",[0.75346667 0.46465865],"[943.2014770507812, 335.2459716796875]","[599.271240234375, 469.83746337890625]","[1099.833740234375, 405.9114685058594]","[740.2391357421875, 551.4284057617188]"
868,"['wheel', 'wheel', 'wheel']",[0.7690802  0.58130306 0.48035678],"[996.6182250976562, 356.9077453613281, 64.34808349609375]","[606.8953857421875, 476.8891906738281, 381.42083740234375]","[1158.3214111328125, 424.27484130859375, 93.16302490234375]","[757.8174438476562, 558.6869506835938, 419.4947814941406]"
869,"['wheel', 'wheel']",[0.7745834 0.6001883],"[1061.5792236328125, 379.5904541015625]","[617.8485717773438, 478.92572021484375]","[1223.4925537109375, 451.0679626464844]","[776.8947143554688, 566.5131225585938]"
870,"['wheel', 'wheel']",[0.75201255 0.45277786],"[1126.5677490234375, 391.26605224609375]","[627.1845092773438, 483.88519287109375]","[1284.7586669921875, 479.3109130859375]","[792.8364868164062, 578.7669677734375]"
871,"['wheel', 'wheel']",[0.77321637 0.6132366 ],"[1197.5302734375, 418.1746826171875]","[639.460693359375, 492.1253967285156]","[1359.6004638671875, 507.05645751953125]","[807.53515625, 592.4449462890625]"
872,"['wheel', 'wheel']",[0.6592955  0.61878043],"[457.20025634765625, 1252.0628662109375]","[502.8121643066406, 660.69482421875]","[552.3564453125, 1421.10986328125]","[607.9111328125, 823.7403564453125]"
873,['wheel'],[0.66714764],[480.9940185546875],[511.6683349609375],[577.332275390625],[615.4537353515625]
874,['wheel'],[0.630685],[519.2757568359375],[526.9675903320312],[624.9606323242188],[629.7230224609375]
875,['wheel'],[0.61138195],[555.6275634765625],[537.5177001953125],[653.9925537109375],[637.0519409179688]
876,['wheel'],[0.7000752],[583.1602172851562],[541.6246337890625],[703.189697265625],[656.6710815429688]
877,['wheel'],[0.6654106],[622.0234375],[544.0303955078125],[761.54052734375],[671.527587890625]
878,n/a,n/a,0,0,0,0
879,['wheel'],[0.49950412],[729.443359375],[576.8477172851562],[865.224609375],[695.5533447265625]
880,['wheel'],[0.4561675],[781.6482543945312],[589.8234252929688],[887.35302734375],[700.06103515625]
881,n/a,n/a,0,0,0,0
882,n/a,n/a,0,0,0,0
883,['wheel'],[0.5089102],[941.5897827148438],[625.9163208007812],[1116.6513671875],[757.2940673828125]
884,n/a,n/a,0,0,0,0
885,n/a,n/a,0,0,0,0
886,['wheel'],[0.6808786],[1126.99267578125],[662.2398681640625],[1290.3631591796875],[801.6362915039062]
887,['wheel'],[0.6522414],[1199.9154052734375],[690.2732543945312],[1358.05712890625],[819.5518188476562]
888,['wheel'],[0.48797837],[155.41336059570312],[386.6864318847656],[191.345703125],[430.0005798339844]
889,n/a,n/a,0,0,0,0
890,n/a,n/a,0,0,0,0
891,n/a,n/a,0,0,0,0
892,n/a,n/a,0,0,0,0
893,['wheel'],[0.619241],[98.88240051269531],[419.2574768066406],[155.77972412109375],[469.9602355957031]
894,n/a,n/a,0,0,0,0
895,n/a,n/a,0,0,0,0
896,n/a,n/a,0,0,0,0
897,"['wheel', 'wheel']",[0.50291437 0.46004632],"[112.60939025878906, 226.3386993408203]","[443.6956787109375, 408.48663330078125]","[147.63253784179688, 261.08984375]","[483.08636474609375, 448.27142333984375]"
898,['wheel'],[0.5044249],[118.25767517089844],[444.3890686035156],[154.75035095214844],[482.9345397949219]
899,['wheel'],[0.5157418],[125.75077056884766],[449.1365661621094],[154.042236328125],[485.1659240722656]
900,['wheel'],[0.46733177],[73.86982727050781],[424.5540771484375],[96.02806091308594],[464.6231384277344]
901,['wheel'],[0.60159355],[142.400146484375],[451.89971923828125],[180.31175231933594],[492.5972595214844]
902,"['wheel', 'wheel', 'wheel']",[0.5609743  0.45640978 0.4909678 ],"[279.84344482421875, 149.35227966308594, 82.20378875732422]","[403.65673828125, 454.7904968261719, 424.6142578125]","[320.5771484375, 184.931640625, 108.16974639892578]","[458.35369873046875, 495.48138427734375, 468.2569885253906]"
903,['wheel'],[0.52208036],[293.9449462890625],[412.15679931640625],[329.65673828125],[460.0611267089844]
904,"['wheel', 'wheel']",[0.5242729 0.4884054],"[172.10006713867188, 311.5144958496094]","[460.3713684082031, 414.9822692871094]","[213.08621215820312, 349.42547607421875]","[504.0230407714844, 466.76141357421875]"
905,n/a,n/a,0,0,0,0
906,n/a,n/a,0,0,0,0
907,n/a,n/a,0,0,0,0
908,n/a,n/a,0,0,0,0
909,n/a,n/a,0,0,0,0
910,n/a,n/a,0,0,0,0
911,n/a,n/a,0,0,0,0
912,n/a,n/a,0,0,0,0
913,['wheel'],[0.50317377],[157.70724487304688],[473.9588317871094],[183.48941040039062],[501.58740234375]
914,['wheel'],[0.48340455],[164.090087890625],[478.3025817871094],[189.38401794433594],[504.6239318847656]
915,['wheel'],[0.5636182],[171.8728485107422],[477.6714172363281],[199.51239013671875],[507.14569091796875]
916,['wheel'],[0.45689437],[191.3396759033203],[474.437255859375],[220.636474609375],[513.5538940429688]
917,['wheel'],[0.4941104],[197.2187042236328],[483.49981689453125],[225.86251831054688],[515.9299926757812]
918,['wheel'],[0.5159857],[207.23008728027344],[485.3629150390625],[237.47142028808594],[519.17431640625]
919,n/a,n/a,0,0,0,0
920,"['wheel', 'wheel']",[0.57080984 0.48169762],"[435.7785339355469, 229.78062438964844]","[527.827880859375, 472.73486328125]","[505.14923095703125, 264.93377685546875]","[606.0208740234375, 528.9473266601562]"
921,['wheel'],[0.67661995],[462.9057922363281],[535.073486328125],[542.4584350585938],[618.107177734375]
922,['wheel'],[0.57128835],[497.089599609375],[546.07470703125],[580.9547729492188],[631.7989501953125]
923,['wheel'],[0.47292688],[532.0191040039062],[562.9852905273438],[617.136962890625],[639.89111328125]
924,['wheel'],[0.65665823],[570.0344848632812],[559.9530639648438],[669.7352905273438],[658.9632568359375]
925,"['wheel', 'wheel']",[0.67490816 0.4713449 ],"[610.2216186523438, 310.8150329589844]","[569.87890625, 496.9925231933594]","[711.7638549804688, 356.84326171875]","[670.822509765625, 559.9347534179688]"
926,"['wheel', 'wheel']",[0.7356416 0.6288634],"[658.2625732421875, 326.2684020996094]","[581.1930541992188, 498.7020263671875]","[766.5284423828125, 379.5531005859375]","[687.5780029296875, 568.264404296875]"
927,"['wheel', 'wheel']",[0.66017234 0.70659554],"[705.8067626953125, 334.705322265625]","[596.3866577148438, 501.01220703125]","[828.8865356445312, 409.2229919433594]","[709.6912841796875, 579.6300659179688]"
928,['wheel'],[0.6706083],[355.866455078125],[502.979736328125],[432.92352294921875],[585.9044189453125]
929,"['wheel', 'wheel']",[0.6791787  0.49176097],"[378.52362060546875, 830.631103515625]","[507.79840087890625, 625.476318359375]","[467.55108642578125, 948.3130493164062]","[595.15478515625, 742.7387084960938]"
930,"['wheel', 'wheel']",[0.57080984 0.5660185 ],"[878.9611206054688, 400.0174865722656]","[635.6429443359375, 512.5059204101562]","[1001.7061767578125, 495.0391845703125]","[751.7642211914062, 606.8676147460938]"
931,"['wheel', 'wheel']",[0.58367807 0.55302256],"[440.2227783203125, 951.1834106445312]","[523.1600341796875, 652.9022216796875]","[531.8758544921875, 1080.0494384765625]","[616.816162109375, 763.5839233398438]"
932,"['wheel', 'wheel']",[0.5474641  0.59313804],"[702.4285888671875, 1011.2109375]","[558.4468383789062, 668.9955444335938]","[782.34326171875, 1145.362060546875]","[635.5760498046875, 791.7904052734375]"
933,"['wheel', 'wheel', 'wheel']",[0.6090592  0.59502196 0.5585678 ],"[1088.63134765625, 519.307861328125, 1239.5478515625]","[689.9996337890625, 550.6892700195312, 698.5013427734375]","[1213.91943359375, 607.8984375, 1363.6102294921875]","[802.0814208984375, 638.80419921875, 809.028564453125]"
934,"['wheel', 'wheel']",[0.63522243 0.6504673 ],"[1172.6314697265625, 550.2896118164062]","[701.5259399414062, 560.1975708007812]","[1290.2061767578125, 649.0420532226562]","[823.2520751953125, 652.4389038085938]"
935,"['wheel', 'wheel']",[0.71383077 0.7098244 ],"[584.8838500976562, 1232.025146484375]","[571.5731811523438, 717.4537963867188]","[688.979248046875, 1364.7642822265625]","[665.5350952148438, 837.3211059570312]"
936,"['wheel', 'wheel']",[0.65577704 0.6834195 ],"[1304.9820556640625, 635.8367919921875]","[734.224609375, 587.727783203125]","[1423.587158203125, 735.969970703125]","[855.1050415039062, 678.8655395507812]"
937,['wheel'],[0.68172675],[683.4744873046875],[606.9459838867188],[795.8864135742188],[698.0738525390625]
938,['wheel'],[0.746139],[734.8243408203125],[618.537109375],[867.7733154296875],[714.2042236328125]
939,['wheel'],[0.69014156],[786.465576171875],[627.0936279296875],[931.2039184570312],[732.5402221679688]
940,['wheel'],[0.65577704],[857.8505859375],[644.1466674804688],[981.2509155273438],[746.6796264648438]
941,n/a,n/a,0,0,0,0
942,n/a,n/a,0,0,0,0
943,['wheel'],[0.4685475],[1064.7716064453125],[718.6943359375],[1171.304931640625],[796.6122436523438]
944,n/a,n/a,0,0,0,0
945,n/a,n/a,0,0,0,0
946,n/a,n/a,0,0,0,0
947,n/a,n/a,0,0,0,0
948,n/a,n/a,0,0,0,0
949,n/a,n/a,0,0,0,0
950,n/a,n/a,0,0,0,0
951,n/a,n/a,0,0,0,0
952,n/a,n/a,0,0,0,0
953,n/a,n/a,0,0,0,0
954,n/a,n/a,0,0,0,0
955,n/a,n/a,0,0,0,0
956,n/a,n/a,0,0,0,0
957,n/a,n/a,0,0,0,0
958,n/a,n/a,0,0,0,0
959,n/a,n/a,0,0,0,0
960,n/a,n/a,0,0,0,0
961,n/a,n/a,0,0,0,0
962,n/a,n/a,0,0,0,0
963,n/a,n/a,0,0,0,0
964,n/a,n/a,0,0,0,0
965,n/a,n/a,0,0,0,0
966,n/a,n/a,0,0,0,0
967,n/a,n/a,0,0,0,0
968,n/a,n/a,0,0,0,0
969,n/a,n/a,0,0,0,0
970,n/a,n/a,0,0,0,0
971,n/a,n/a,0,0,0,0
972,['wheel'],[0.5060422],[139.1382598876953],[483.29400634765625],[177.21141052246094],[520.5942993164062]
973,n/a,n/a,0,0,0,0
974,n/a,n/a,0,0,0,0
975,n/a,n/a,0,0,0,0
976,n/a,n/a,0,0,0,0
977,n/a,n/a,0,0,0,0
978,n/a,n/a,0,0,0,0
979,n/a,n/a,0,0,0,0
980,n/a,n/a,0,0,0,0
981,['wheel'],[0.54092383],[6.522646903991699],[489.7321472167969],[77.13134765625],[616.9131469726562]
982,n/a,n/a,0,0,0,0
983,n/a,n/a,0,0,0,0
984,n/a,n/a,0,0,0,0
985,n/a,n/a,0,0,0,0
986,['wheel'],[0.5027923],[77.87017822265625],[551.3738403320312],[145.52374267578125],[661.4197387695312]
987,['wheel'],[0.50768983],[92.1831283569336],[564.1878662109375],[184.09425354003906],[692.1903686523438]
988,['wheel'],[0.76629364],[106.07476806640625],[573.40283203125],[187.8783416748047],[698.2496948242188]
989,['wheel'],[0.7704648],[120.7096176147461],[575.8180541992188],[212.66473388671875],[713.3001708984375]
990,['wheel'],[0.46344426],[138.43197631835938],[588.1539306640625],[210.0538787841797],[701.6044311523438]
991,['wheel'],[0.46465865],[171.43263244628906],[630.1177978515625],[230.9835205078125],[716.8846435546875]
992,['wheel'],[0.63703084],[187.62789916992188],[618.0875854492188],[261.95379638671875],[732.967529296875]
993,['wheel'],[0.55012405],[207.85079956054688],[630.2977294921875],[300.49237060546875],[751.5344848632812]
994,['wheel'],[0.71143085],[231.30044555664062],[636.64013671875],[337.5741882324219],[768.3390502929688]
995,['wheel'],[0.6808786],[263.587646484375],[650.1953735351562],[374.38446044921875],[787.3802490234375]
996,['wheel'],[0.6893056],[296.9309997558594],[669.7578125],[418.1951904296875],[808.3359985351562]
997,['wheel'],[0.7272012],[334.3222351074219],[683.4442138671875],[490.64813232421875],[855.2169189453125]
998,['wheel'],[0.58082765],[373.4967956542969],[700.9815063476562],[550.7831420898438],[884.523681640625]
999,['wheel'],[0.7772999],[420.4088439941406],[720.140625],[611.5340576171875],[910.5817260742188]
1000,['wheel'],[0.754915],[472.0397644042969],[737.2132568359375],[677.7288208007812],[936.4494018554688]
1001,['wheel'],[0.7648916],[527.4700317382812],[758.3356323242188],[753.6629638671875],[963.3421630859375]
1002,['wheel'],[0.7356416],[596.4083862304688],[788.5944213867188],[833.1226196289062],[989.8310546875]
1003,['wheel'],[0.72564864],[657.5020141601562],[804.657470703125],[927.9860229492188],[1018.113525390625]
1004,['wheel'],[0.7000752],[734.574462890625],[829.249755859375],[1024.9351806640625],[1021.9282836914062]
1005,['wheel'],[0.62337685],[810.0076293945312],[854.6344604492188],[1111.3687744140625],[1023.4597778320312]
1006,n/a,n/a,0,0,0,0
1007,n/a,n/a,0,0,0,0
1008,n/a,n/a,0,0,0,0
1009,['wheel'],[0.5076593],[150.60545349121094],[617.9695434570312],[223.42062377929688],[714.9822998046875]
1010,['wheel'],[0.6406359],[169.8797607421875],[627.3530883789062],[247.70565795898438],[730.9308471679688]
1011,['wheel'],[0.7577944],[190.16041564941406],[631.6766357421875],[278.2530517578125],[747.4151000976562]
1012,['wheel'],[0.73105854],[219.6833953857422],[645.9901123046875],[308.787109375],[766.4747924804688]
1013,['wheel'],[0.722527],[238.1348419189453],[652.2901611328125],[348.81939697265625],[786.979736328125]
1014,['wheel'],[0.6680145],[270.1437072753906],[672.48388671875],[388.6108093261719],[806.0406494140625]
1015,['wheel'],[0.66017234],[306.0439758300781],[690.9061889648438],[437.7503662109375],[828.400634765625]
1016,['wheel'],[0.7248703],[342.1237487792969],[701.6000366210938],[482.20367431640625],[851.5217895507812]
1017,['wheel'],[0.7826625],[373.1380615234375],[700.4671630859375],[548.8709106445312],[877.1983032226562]
1018,['wheel'],[0.7634837],[440.15252685546875],[738.4261474609375],[610.5965576171875],[903.525146484375]
1019,['wheel'],[0.70659554],[467.6100158691406],[735.2452392578125],[677.5147094726562],[931.1683349609375]
1020,['wheel'],[0.7033458],[516.5598754882812],[749.78173828125],[758.0184326171875],[959.9435424804688]
1021,['wheel'],[0.67319167],[584.9367065429688],[777.2783203125],[843.4835205078125],[986.3348388671875]
1022,['wheel'],[0.7162186],[657.49755859375],[804.1722412109375],[935.9349365234375],[1016.1464233398438]
1023,['wheel'],[0.74316794],[733.30029296875],[828.856689453125],[1031.2122802734375],[1021.0991821289062]
1024,['wheel'],[0.6548947],[819.36865234375],[856.99365234375],[1128.2286376953125],[1022.9570922851562]
1025,['wheel'],[0.70821255],[906.209228515625],[886.7941284179688],[1229.919921875],[1023.5243530273438]
1026,['wheel'],[0.66104823],[116.16481018066406],[602.9661865234375],[171.82577514648438],[687.9481201171875]
1027,['wheel'],[0.6288634],[112.87020874023438],[577.0003051757812],[196.70213317871094],[701.4471435546875]
1028,['wheel'],[0.5301149],[146.4978790283203],[620.2559204101562],[224.98776245117188],[719.7843017578125]
1029,n/a,n/a,0,0,0,0
1030,['wheel'],[0.5399537],[189.9541015625],[634.4840087890625],[269.9638977050781],[744.8311767578125]
1031,['wheel'],[0.6943027],[213.83900451660156],[649.4796752929688],[306.7941589355469],[766.3888549804688]
1032,['wheel'],[0.7033458],[235.11978149414062],[657.1239624023438],[347.8868408203125],[790.6561279296875]
1033,['wheel'],[0.5124486],[271.0030212402344],[679.3097534179688],[388.94207763671875],[811.6731567382812]
1034,['wheel'],[0.76629364],[292.3552551269531],[667.177978515625],[435.0816955566406],[831.99658203125]
1035,['wheel'],[0.68846846],[324.1623229980469],[677.0614624023438],[486.4017028808594],[853.244140625]
1036,['wheel'],[0.7162186],[361.89971923828125],[695.0426635742188],[545.1854858398438],[881.5731201171875]
1037,['wheel'],[0.6442251],[406.5860595703125],[712.5652465820312],[609.8145141601562],[908.3667602539062]
1038,['wheel'],[0.6992544],[459.144287109375],[734.3660888671875],[678.1348266601562],[937.6689453125]
1039,['wheel'],[0.6783269],[538.20751953125],[766.3282470703125],[743.937744140625],[967.8591918945312]
1040,['wheel'],[0.73411953],[599.6119995117188],[790.4644165039062],[832.4647216796875],[989.36669921875]
1041,['wheel'],[0.68846846],[660.1644897460938],[811.69970703125],[943.9681396484375],[1017.7418823242188]
1042,['wheel'],[0.70089483],[743.7551879882812],[840.1270141601562],[1039.8482666015625],[1022.4279174804688]
1043,['wheel'],[0.6662797],[830.4052124023438],[870.875244140625],[1142.9110107421875],[1023.8262939453125]
1044,n/a,n/a,0,0,0,0
1045,['wheel'],[0.467818],[153.81602478027344],[369.91644287109375],[170.18118286132812],[395.3437194824219]
1046,n/a,n/a,0,0,0,0
1047,n/a,n/a,0,0,0,0
1048,n/a,n/a,0,0,0,0
1049,n/a,n/a,0,0,0,0
1050,n/a,n/a,0,0,0,0
1051,"['wheel', 'wheel']",[0.5416513 0.5336405],"[264.48480224609375, 201.64486694335938]","[379.9405517578125, 373.0921325683594]","[285.3106689453125, 225.09364318847656]","[405.840576171875, 401.0484924316406]"
1052,"['wheel', 'wheel']",[0.49618542 0.46988517],"[276.6447448730469, 212.30731201171875]","[379.0384521484375, 373.8318176269531]","[299.4048767089844, 235.15077209472656]","[406.2686462402344, 402.2757873535156]"
1053,['wheel'],[0.5229331],[292.8454895019531],[379.35894775390625],[313.4158935546875],[407.9847106933594]
1054,n/a,n/a,0,0,0,0
1055,n/a,n/a,0,0,0,0
1056,"['wheel', 'wheel']",[0.5093373  0.47341377],"[256.27508544921875, 338.42071533203125]","[376.5516357421875, 381.7587585449219]","[276.9879150390625, 368.30694580078125]","[408.5881652832031, 411.3464660644531]"
1057,"['wheel', 'wheel']",[0.50144196 0.4969636 ],"[270.4794006347656, 351.3576354980469]","[378.0979919433594, 381.9778747558594]","[295.1462097167969, 378.7248229980469]","[408.6767883300781, 412.2763671875]"
1058,"['wheel', 'wheel']",[0.57463354 0.5144613 ],"[286.1962890625, 368.9744873046875]","[379.0799865722656, 383.1320495605469]","[308.1468200683594, 398.66778564453125]","[408.66119384765625, 416.5668029785156]"
1059,"['wheel', 'wheel']",[0.6654106 0.5525397],"[299.45037841796875, 390.1857604980469]","[378.8575439453125, 382.87579345703125]","[321.472900390625, 420.9560546875]","[411.0392761230469, 418.0931091308594]"
1060,['wheel'],[0.52561235],[412.36834716796875],[384.7012023925781],[449.9073486328125],[422.0053405761719]
1061,"['wheel', 'wheel']",[0.7106283  0.49054065],"[433.3050231933594, 324.648681640625]","[386.7504577636719, 374.7518310546875]","[467.5970458984375, 356.9343566894531]","[424.9864807128906, 413.4216613769531]"
1062,"['wheel', 'wheel']",[0.7302899 0.6654106],"[456.2790832519531, 342.7955627441406]","[388.53240966796875, 377.687744140625]","[499.46160888671875, 371.5668029785156]","[427.42962646484375, 414.8833923339844]"
1063,"['wheel', 'wheel']",[0.6984323 0.6132366],"[475.05633544921875, 361.92376708984375]","[386.5367126464844, 377.1397705078125]","[527.0662841796875, 397.7882080078125]","[430.6935119628906, 419.82879638671875]"
1064,['wheel'],[0.6867903],[506.2374267578125],[394.6650390625],[557.5494384765625],[435.5820007324219]
1065,"['wheel', 'wheel']",[0.73411953 0.5874699 ],"[532.9443359375, 403.5695495605469]","[395.1031188964844, 381.7005615234375]","[585.0032348632812, 455.7009582519531]","[438.7089538574219, 427.7713623046875]"
1066,"['wheel', 'wheel']",[0.77321637 0.55157375],"[563.4644775390625, 416.2560119628906]","[397.9851989746094, 374.1150817871094]","[617.83984375, 458.0796813964844]","[442.168212890625, 425.2756652832031]"
1067,"['wheel', 'wheel']",[0.7130322 0.722527 ],"[445.8666076660156, 594.4559326171875]","[385.6588134765625, 403.1228332519531]","[481.1716003417969, 641.5081176757812]","[427.01055908203125, 445.770263671875]"
1068,"['wheel', 'wheel']",[0.70821255 0.75346667],"[470.24212646484375, 629.4528198242188]","[389.14044189453125, 404.883544921875]","[503.45458984375, 677.1488647460938]","[429.84197998046875, 449.68316650390625]"
1069,"['wheel', 'wheel']",[0.7201715 0.7272012],"[495.4381103515625, 665.4830932617188]","[389.9377136230469, 407.87841796875]","[535.0037231445312, 714.8018188476562]","[432.2455139160156, 456.4831237792969]"
1070,"['wheel', 'wheel']",[0.7826625 0.5893619],"[521.1248168945312, 704.7959594726562]","[389.8908386230469, 412.3658752441406]","[565.2297973632812, 757.68896484375]","[436.0545959472656, 461.5301818847656]"
1071,"['wheel', 'wheel']",[0.75346667 0.50120544],"[553.7235717773438, 746.827392578125]","[396.2921447753906, 415.8974914550781]","[592.0507202148438, 796.8883056640625]","[440.5183410644531, 466.00506591796875]"
1072,"['wheel', 'wheel']",[0.75201255 0.5571226 ],"[583.2617797851562, 787.19921875]","[394.7378845214844, 427.0918884277344]","[628.5126953125, 843.6942138671875]","[443.6725158691406, 473.79315185546875]"
1073,['wheel'],[0.746139],[617.33642578125],[400.5362548828125],[662.8567504882812],[449.6978454589844]
1074,"['wheel', 'wheel']",[0.7718435 0.7446563],"[880.6378784179688, 652.880126953125]","[435.7388916015625, 407.6853942871094]","[936.296142578125, 696.8992919921875]","[489.19940185546875, 453.3207092285156]"
1075,"['wheel', 'wheel']",[0.68763   0.7090191],"[690.2787475585938, 927.0130004882812]","[407.0054626464844, 442.5320739746094]","[738.5256958007812, 990.152587890625]","[460.1692199707031, 496.32269287109375]"
1076,"['wheel', 'wheel']",[0.74167407 0.73411953],"[728.8819580078125, 979.888916015625]","[412.6747741699219, 447.6564025878906]","[780.7420654296875, 1046.1455078125]","[464.8251037597656, 505.70404052734375]"
1077,"['wheel', 'wheel']",[0.75346667 0.75635755],"[769.0216674804688, 1036.3421630859375]","[417.0697021484375, 454.14801025390625]","[833.5306396484375, 1104.9176025390625]","[473.7123107910156, 515.2686157226562]"
1078,"['wheel', 'wheel']",[0.7648916  0.68510735],"[814.3480224609375, 1091.541259765625]","[422.0309143066406, 461.6465759277344]","[874.068115234375, 1164.9232177734375]","[479.7366943359375, 524.712890625]"
1079,"['wheel', 'wheel']",[0.754915  0.7279754],"[1144.4705810546875, 859.575439453125]","[466.5361633300781, 430.7210693359375]","[1219.9000244140625, 923.499755859375]","[535.764404296875, 484.7752380371094]"
1080,"['wheel', 'wheel', 'wheel']",[0.7217432  0.63250273 0.45737904],"[908.2532348632812, 1208.244384765625, 1181.0693359375]","[425.264404296875, 481.0755920410156, 468.6160583496094]","[985.59423828125, 1281.2867431640625, 1213.35009765625]","[492.77862548828125, 546.542724609375, 531.9419555664062]"
1081,"['wheel', 'wheel']",[0.7490872 0.7264256],"[962.0032958984375, 1259.9859619140625]","[440.09393310546875, 489.6122131347656]","[1031.570068359375, 1336.0179443359375]","[502.0655822753906, 557.9559936523438]"
1082,"['wheel', 'wheel']",[0.73411953 0.4781633 ],"[1014.5187377929688, 1310.750732421875]","[446.9225158691406, 495.2284240722656]","[1095.825927734375, 1399.0758056640625]","[512.9932861328125, 570.66552734375]"
1083,['wheel'],[0.7826625],[1071.87451171875],[455.1741638183594],[1147.3878173828125],[522.4384765625]
1084,['wheel'],[0.7648916],[1125.0006103515625],[463.2959289550781],[1203.4522705078125],[533.3175048828125]
1085,['wheel'],[0.7356416],[1180.404541015625],[468.31402587890625],[1255.492431640625],[542.9765014648438]
1086,['wheel'],[0.73866904],[1237.8294677734375],[480.6942138671875],[1315.5281982421875],[554.6697387695312]
1087,['wheel'],[0.6513549],[1302.2867431640625],[498.6074523925781],[1375.391845703125],[566.8225708007812]
1088,['wheel'],[0.71143085],[1358.5423583984375],[510.587646484375],[1423.596435546875],[579.1497802734375]
1089,n/a,n/a,0,0,0,0
1090,n/a,n/a,0,0,0,0
1091,n/a,n/a,0,0,0,0
1092,n/a,n/a,0,0,0,0
1093,n/a,n/a,0,0,0,0
1094,n/a,n/a,0,0,0,0
1095,n/a,n/a,0,0,0,0
1096,n/a,n/a,0,0,0,0
1097,n/a,n/a,0,0,0,0
1098,n/a,n/a,0,0,0,0
1099,n/a,n/a,0,0,0,0
1100,n/a,n/a,0,0,0,0
1101,n/a,n/a,0,0,0,0
1102,n/a,n/a,0,0,0,0
1103,n/a,n/a,0,0,0,0
1104,n/a,n/a,0,0,0,0
1105,n/a,n/a,0,0,0,0
1106,n/a,n/a,0,0,0,0
1107,n/a,n/a,0,0,0,0
1108,n/a,n/a,0,0,0,0
1109,n/a,n/a,0,0,0,0
1110,n/a,n/a,0,0,0,0
1111,n/a,n/a,0,0,0,0
1112,n/a,n/a,0,0,0,0
1113,n/a,n/a,0,0,0,0
1114,n/a,n/a,0,0,0,0
1115,n/a,n/a,0,0,0,0
1116,n/a,n/a,0,0,0,0
1117,n/a,n/a,0,0,0,0
1118,n/a,n/a,0,0,0,0
1119,n/a,n/a,0,0,0,0
1120,n/a,n/a,0,0,0,0
1121,n/a,n/a,0,0,0,0
1122,n/a,n/a,0,0,0,0
1123,n/a,n/a,0,0,0,0
1124,n/a,n/a,0,0,0,0
1125,n/a,n/a,0,0,0,0
1126,n/a,n/a,0,0,0,0
1127,n/a,n/a,0,0,0,0
1128,n/a,n/a,0,0,0,0
1129,n/a,n/a,0,0,0,0
1130,n/a,n/a,0,0,0,0
1131,n/a,n/a,0,0,0,0
1132,n/a,n/a,0,0,0,0
1133,n/a,n/a,0,0,0,0
1134,n/a,n/a,0,0,0,0
1135,n/a,n/a,0,0,0,0
1136,n/a,n/a,0,0,0,0
1137,['wheel'],[0.5044249],[26.50849723815918],[406.2309265136719],[47.73166275024414],[432.3209228515625]
1138,['wheel'],[0.5551941],[38.08378601074219],[408.6109313964844],[52.356868743896484],[431.7796936035156]
1139,['wheel'],[0.5688949],[41.38998794555664],[410.4476623535156],[57.8609504699707],[433.2010192871094]
1140,"['wheel', 'wheel']",[0.56937385 0.58082765],"[1099.420166015625, 46.40753173828125]","[312.7427673339844, 410.4267272949219]","[1121.86767578125, 62.97887420654297]","[338.04962158203125, 434.94268798828125]"
1141,['wheel'],[0.4506011],[52.02621841430664],[411.8818054199219],[67.96253204345703],[434.94915771484375]
1142,['wheel'],[0.5288984],[52.28742218017578],[412.6101989746094],[71.01438903808594],[436.57672119140625]
1143,['wheel'],[0.4860266],[60.33759689331055],[413.85601806640625],[78.79823303222656],[438.4814758300781]
1144,['wheel'],[0.60533255],[66.2904052734375],[413.76177978515625],[83.3681869506836],[438.8545837402344]
1145,['wheel'],[0.508178],[72.64698028564453],[417.8710021972656],[90.43400573730469],[441.2204284667969]
1146,"['wheel', 'wheel']",[0.5406813 0.4837703],"[78.81777954101562, 956.8297729492188]","[417.2596130371094, 300.400390625]","[98.14873504638672, 984.8685913085938]","[441.8008728027344, 324.5991516113281]"
1147,"['wheel', 'wheel']",[0.48694143 0.47377896],"[928.6390991210938, 85.59049987792969]","[298.4189453125, 418.71038818359375]","[961.99072265625, 107.71038055419922]","[323.6023254394531, 446.38873291015625]"
1148,['wheel'],[0.52147114],[96.59184265136719],[420.8955993652344],[117.78219604492188],[450.18017578125]
1149,"['wheel', 'wheel']",[0.515498 0.472075],"[100.81266021728516, 68.83251953125]","[423.5392761230469, 415.1253356933594]","[121.44161224365234, 83.82566833496094]","[452.0567626953125, 444.7671813964844]"
1150,"['wheel', 'wheel']",[0.6531269 0.5218367],"[108.83917236328125, 72.97691345214844]","[424.6727294921875, 417.1267395019531]","[133.4480743408203, 91.03831481933594]","[456.7733459472656, 446.0474853515625]"
1151,['wheel'],[0.64332926],[115.96824645996094],[425.6583251953125],[141.19703674316406],[458.44171142578125]
1152,"['wheel', 'wheel', 'wheel']",[0.62245935 0.64243245 0.5640985 ],"[84.9339370727539, 126.90227508544922, 832.8724365234375]","[418.04095458984375, 427.5986633300781, 293.2923583984375]","[103.73751068115234, 151.27589416503906, 855.2282104492188]","[452.9622802734375, 460.9129943847656, 313.9335632324219]"
1153,"['wheel', 'wheel', 'wheel']",[0.60626537 0.57654196 0.5250035 ],"[135.82850646972656, 811.6680908203125, 91.36824798583984]","[428.5535583496094, 291.61279296875, 419.81207275390625]","[160.37330627441406, 835.8452758789062, 112.15751647949219]","[461.8924865722656, 313.32684326171875, 453.7757873535156]"
1154,"['wheel', 'wheel']",[0.6071974  0.52962834],"[148.7629852294922, 793.3101196289062]","[431.1317443847656, 290.7107849121094]","[175.4488983154297, 816.9866943359375]","[464.77740478515625, 312.4116516113281]"
1155,"['wheel', 'wheel', 'wheel']",[0.62977463 0.57367843 0.6783269 ],"[101.92584228515625, 773.652587890625, 159.3509521484375]","[422.1954345703125, 289.94110107421875, 434.3570861816406]","[127.58299255371094, 796.696044921875, 181.9542999267578]","[456.4001770019531, 311.4321594238281, 469.26715087890625]"
1156,"['wheel', 'wheel', 'wheel']",[0.6261242 0.5874699 0.5348555],"[171.938720703125, 110.10725402832031, 756.7604370117188]","[437.3778381347656, 423.9249267578125, 290.4384460449219]","[197.0926055908203, 137.58058166503906, 780.1038208007812]","[472.3711242675781, 459.8651428222656, 311.2155456542969]"
1157,"['wheel', 'wheel', 'wheel']",[0.63793355 0.59596294 0.48694143],"[127.37168884277344, 184.15440368652344, 736.08740234375]","[423.8904724121094, 440.11865234375, 289.36614990234375]","[149.21664428710938, 209.63087463378906, 762.2299194335938]","[464.02996826171875, 476.5509033203125, 311.3280334472656]"
1158,"['wheel', 'wheel', 'wheel']",[0.68510735 0.6791787  0.52244586],"[199.11526489257812, 136.20132446289062, 719.9956665039062]","[442.1224670410156, 425.167724609375, 288.7738037109375]","[223.36843872070312, 158.8430938720703, 744.6309814453125]","[480.39434814453125, 465.7668762207031, 310.9684753417969]"
1159,"['wheel', 'wheel', 'wheel']",[0.6160123  0.57463354 0.5535053 ],"[147.17233276367188, 702.7869873046875, 213.13453674316406]","[431.62066650390625, 288.1628112792969, 445.49163818359375]","[168.49085998535156, 728.7578125, 239.31105041503906]","[466.1235046386719, 310.9376525878906, 483.9730529785156]"
1160,"['wheel', 'wheel', 'wheel']",[0.7185944 0.6279512 0.6001883],"[229.26788330078125, 158.09449768066406, 688.413330078125]","[449.0848388671875, 434.4644775390625, 289.19232177734375]","[260.4281311035156, 180.4186553955078, 709.8447875976562]","[492.1866760253906, 470.8672180175781, 311.9642333984375]"
1161,"['wheel', 'wheel', 'wheel']",[0.6141626  0.56457865 0.5940803 ],"[247.34771728515625, 672.0895385742188, 170.36920166015625]","[452.3386535644531, 289.0314636230469, 436.65875244140625]","[283.220703125, 694.382080078125, 194.5858917236328]","[495.63763427734375, 311.51568603515625, 473.7110900878906]"
1162,"['wheel', 'wheel']",[0.5817784 0.4726835],"[183.17828369140625, 657.0183715820312]","[440.4462890625, 288.80126953125]","[208.51275634765625, 680.2374877929688]","[477.00469970703125, 310.2582092285156]"
1163,"['wheel', 'wheel']",[0.63973606 0.4984131 ],"[197.4020233154297, 286.9413146972656]","[446.8321228027344, 459.18670654296875]","[223.39039611816406, 322.85272216796875]","[480.8868103027344, 505.9273681640625]"
1164,['wheel'],[0.62245935],[211.1880340576172],[444.9838562011719],[238.96580505371094],[485.3926696777344]
1165,"['wheel', 'wheel']",[0.61508787 0.648689  ],"[227.6131134033203, 334.6326904296875]","[450.2933654785156, 470.64544677734375]","[255.4996337890625, 373.09686279296875]","[491.6606140136719, 523.446533203125]"
1166,"['wheel', 'wheel']",[0.6592955 0.7033458],"[244.51748657226562, 361.09844970703125]","[455.2701416015625, 476.78021240234375]","[273.9856262207031, 401.2115173339844]","[498.3552551269531, 530.9255981445312]"
1167,"['wheel', 'wheel']",[0.6627965 0.6575384],"[263.28875732421875, 389.02880859375]","[458.458740234375, 487.8739318847656]","[295.4689025878906, 433.7967224121094]","[503.3213806152344, 539.5921630859375]"
1168,"['wheel', 'wheel']",[0.73105854 0.63973606],"[422.48516845703125, 283.1537170410156]","[494.5252380371094, 459.81884765625]","[468.4514465332031, 320.0749206542969]","[549.0416259765625, 508.5528259277344]"
1169,"['wheel', 'wheel']",[0.72564864 0.7041601 ],"[457.4584655761719, 307.29388427734375]","[499.14532470703125, 466.52459716796875]","[507.89886474609375, 353.3109436035156]","[560.7664794921875, 514.759033203125]"
1170,"['wheel', 'wheel']",[0.70821255 0.68510735],"[498.38397216796875, 329.1386413574219]","[510.6087646484375, 465.37872314453125]","[548.0191040039062, 376.5171813964844]","[572.1608276367188, 522.4230346679688]"
1171,"['wheel', 'wheel']",[0.7287483 0.6783269],"[542.6229858398438, 358.4238586425781]","[523.540283203125, 475.9361572265625]","[601.1158447265625, 408.2330322265625]","[585.6944580078125, 530.756103515625]"
1172,"['wheel', 'wheel']",[0.7130322  0.74167407],"[385.941162109375, 590.7626953125]","[474.7840881347656, 531.1156616210938]","[438.5228576660156, 655.48828125]","[537.907470703125, 599.2830810546875]"
1173,"['wheel', 'wheel', 'wheel']",[0.61647415 0.5879431  0.50151825],"[647.0415649414062, 422.96441650390625, 797.9967651367188]","[543.5720825195312, 490.23992919921875, 514.4601440429688]","[712.7271118164062, 466.0522766113281, 833.2908325195312]","[614.4813842773438, 548.6624755859375, 593.431396484375]"
1174,"['wheel', 'wheel']",[0.7248703 0.6800292],"[706.0977172851562, 458.69744873046875]","[557.4526977539062, 497.35284423828125]","[775.544189453125, 507.8387756347656]","[629.502197265625, 559.417236328125]"
1175,"['wheel', 'wheel']",[0.7130322 0.6867903],"[497.243408203125, 766.5946655273438]","[511.14898681640625, 577.3704223632812]","[551.0635986328125, 853.470947265625]","[571.3431396484375, 649.9410400390625]"
1176,"['wheel', 'wheel']",[0.7185944  0.68594944],"[538.7188720703125, 838.6827392578125]","[519.7625732421875, 592.6128540039062]","[604.490478515625, 930.816162109375]","[587.3555297851562, 672.7880249023438]"
1177,"['wheel', 'wheel']",[0.7371582 0.7162186],"[586.3798217773438, 915.9508056640625]","[525.72802734375, 598.1619873046875]","[664.29736328125, 1007.897216796875]","[601.6629638671875, 687.0045776367188]"
1178,"['wheel', 'wheel']",[0.7295198 0.5050047],"[641.084716796875, 999.0086059570312]","[540.3060302734375, 622.535400390625]","[713.801513671875, 1100.12939453125]","[615.897216796875, 709.1446533203125]"
1179,"['wheel', 'wheel']",[0.7490872  0.68846846],"[698.3272094726562, 1084.0609130859375]","[556.3255615234375, 640.2171630859375]","[776.6265258789062, 1189.2684326171875]","[630.518310546875, 731.2193603515625]"
1180,"['wheel', 'wheel']",[0.73411953 0.7606507 ],"[1178.0123291015625, 765.2700805664062]","[665.8763427734375, 562.4168701171875]","[1278.8583984375, 852.102294921875]","[749.9229125976562, 647.9441528320312]"
1181,['wheel'],[0.7217432],[830.944091796875],[568.86328125],[930.6360473632812],[667.6293334960938]
1182,"['wheel', 'wheel']",[0.5631377 0.6279512],"[1345.4696044921875, 913.425048828125]","[707.7366333007812, 595.6929931640625]","[1429.251220703125, 1002.55712890625]","[791.0919799804688, 686.8565673828125]"
1183,['wheel'],[0.746139],[993.898681640625],[619.2160034179688],[1097.448974609375],[705.6688232421875]
1184,['wheel'],[0.7490872],[993.8360595703125],[619.0938110351562],[1097.4755859375],[705.7162475585938]
1185,['wheel'],[0.73105854],[1080.65087890625],[633.1014404296875],[1190.25634765625],[728.048583984375]
1186,['wheel'],[0.75635755],[1169.4774169921875],[646.8001708984375],[1277.880615234375],[749.2177734375]
1187,['wheel'],[0.7325918],[1258.2647705078125],[669.761962890625],[1364.8829345703125],[769.4342041015625]
1188,['wheel'],[0.6800292],[1345.1500244140625],[690.85107421875],[1430.4278564453125],[790.5992431640625]
1189,n/a,n/a,0,0,0,0
1190,n/a,n/a,0,0,0,0
1191,n/a,n/a,0,0,0,0
1192,n/a,n/a,0,0,0,0
1193,n/a,n/a,0,0,0,0
1194,n/a,n/a,0,0,0,0
1195,n/a,n/a,0,0,0,0
1196,n/a,n/a,0,0,0,0
1197,n/a,n/a,0,0,0,0
1198,n/a,n/a,0,0,0,0
1199,n/a,n/a,0,0,0,0
1200,n/a,n/a,0,0,0,0
1201,n/a,n/a,0,0,0,0
1202,n/a,n/a,0,0,0,0
1203,n/a,n/a,0,0,0,0
1204,n/a,n/a,0,0,0,0
1205,n/a,n/a,0,0,0,0
1206,n/a,n/a,0,0,0,0
1207,n/a,n/a,0,0,0,0
1208,n/a,n/a,0,0,0,0
1209,n/a,n/a,0,0,0,0
1210,n/a,n/a,0,0,0,0
1211,n/a,n/a,0,0,0,0
1212,n/a,n/a,0,0,0,0
1213,n/a,n/a,0,0,0,0
1214,n/a,n/a,0,0,0,0
1215,n/a,n/a,0,0,0,0
1216,n/a,n/a,0,0,0,0
1217,n/a,n/a,0,0,0,0
1218,n/a,n/a,0,0,0,0
1219,n/a,n/a,0,0,0,0
1220,n/a,n/a,0,0,0,0
1221,n/a,n/a,0,0,0,0
1222,n/a,n/a,0,0,0,0
1223,n/a,n/a,0,0,0,0
1224,n/a,n/a,0,0,0,0
1225,n/a,n/a,0,0,0,0
1226,n/a,n/a,0,0,0,0
1227,n/a,n/a,0,0,0,0
1228,n/a,n/a,0,0,0,0
1229,n/a,n/a,0,0,0,0
1230,n/a,n/a,0,0,0,0
1231,n/a,n/a,0,0,0,0
1232,n/a,n/a,0,0,0,0
1233,n/a,n/a,0,0,0,0
1234,n/a,n/a,0,0,0,0
1235,n/a,n/a,0,0,0,0
1236,n/a,n/a,0,0,0,0
1237,n/a,n/a,0,0,0,0
1238,n/a,n/a,0,0,0,0
1239,n/a,n/a,0,0,0,0
1240,n/a,n/a,0,0,0,0
1241,n/a,n/a,0,0,0,0
1242,n/a,n/a,0,0,0,0
1243,n/a,n/a,0,0,0,0
1244,n/a,n/a,0,0,0,0
1245,n/a,n/a,0,0,0,0
1246,n/a,n/a,0,0,0,0
1247,n/a,n/a,0,0,0,0
1248,n/a,n/a,0,0,0,0
1249,n/a,n/a,0,0,0,0
1250,n/a,n/a,0,0,0,0
1251,n/a,n/a,0,0,0,0
1252,n/a,n/a,0,0,0,0
1253,n/a,n/a,0,0,0,0
1254,n/a,n/a,0,0,0,0
1255,n/a,n/a,0,0,0,0
1256,n/a,n/a,0,0,0,0
1257,n/a,n/a,0,0,0,0
1258,n/a,n/a,0,0,0,0
1259,n/a,n/a,0,0,0,0
1260,n/a,n/a,0,0,0,0
1261,n/a,n/a,0,0,0,0
1262,n/a,n/a,0,0,0,0
1263,n/a,n/a,0,0,0,0
1264,n/a,n/a,0,0,0,0
1265,n/a,n/a,0,0,0,0
1266,n/a,n/a,0,0,0,0
1267,n/a,n/a,0,0,0,0
1268,n/a,n/a,0,0,0,0
1269,n/a,n/a,0,0,0,0
1270,n/a,n/a,0,0,0,0
1271,n/a,n/a,0,0,0,0
1272,n/a,n/a,0,0,0,0
1273,n/a,n/a,0,0,0,0
1274,n/a,n/a,0,0,0,0
1275,n/a,n/a,0,0,0,0
1276,n/a,n/a,0,0,0,0
1277,n/a,n/a,0,0,0,0
1278,n/a,n/a,0,0,0,0
1279,n/a,n/a,0,0,0,0
1280,n/a,n/a,0,0,0,0
1281,n/a,n/a,0,0,0,0
1282,n/a,n/a,0,0,0,0
1283,n/a,n/a,0,0,0,0
1284,n/a,n/a,0,0,0,0
1285,n/a,n/a,0,0,0,0
1286,n/a,n/a,0,0,0,0
1287,n/a,n/a,0,0,0,0
1288,n/a,n/a,0,0,0,0
1289,n/a,n/a,0,0,0,0
1290,n/a,n/a,0,0,0,0
1291,n/a,n/a,0,0,0,0
1292,n/a,n/a,0,0,0,0
1293,n/a,n/a,0,0,0,0
1294,n/a,n/a,0,0,0,0
1295,n/a,n/a,0,0,0,0
1296,n/a,n/a,0,0,0,0
1297,n/a,n/a,0,0,0,0
1298,n/a,n/a,0,0,0,0
1299,n/a,n/a,0,0,0,0
1300,n/a,n/a,0,0,0,0
1301,n/a,n/a,0,0,0,0
1302,n/a,n/a,0,0,0,0
1303,n/a,n/a,0,0,0,0
1304,n/a,n/a,0,0,0,0
1305,n/a,n/a,0,0,0,0
1306,n/a,n/a,0,0,0,0
1307,n/a,n/a,0,0,0,0
1308,n/a,n/a,0,0,0,0
1309,n/a,n/a,0,0,0,0
1310,n/a,n/a,0,0,0,0
1311,n/a,n/a,0,0,0,0
1312,n/a,n/a,0,0,0,0
1313,n/a,n/a,0,0,0,0
1314,n/a,n/a,0,0,0,0
1315,n/a,n/a,0,0,0,0
1316,n/a,n/a,0,0,0,0
1317,n/a,n/a,0,0,0,0
1318,n/a,n/a,0,0,0,0
1319,n/a,n/a,0,0,0,0
1320,n/a,n/a,0,0,0,0
1321,n/a,n/a,0,0,0,0
1322,n/a,n/a,0,0,0,0
1323,n/a,n/a,0,0,0,0
1324,n/a,n/a,0,0,0,0
1325,n/a,n/a,0,0,0,0
1326,n/a,n/a,0,0,0,0
1327,n/a,n/a,0,0,0,0
1328,n/a,n/a,0,0,0,0
1329,n/a,n/a,0,0,0,0
1330,n/a,n/a,0,0,0,0
1331,n/a,n/a,0,0,0,0
1332,n/a,n/a,0,0,0,0
1333,n/a,n/a,0,0,0,0
1334,n/a,n/a,0,0,0,0
1335,n/a,n/a,0,0,0,0
1336,n/a,n/a,0,0,0,0
1337,n/a,n/a,0,0,0,0
1338,n/a,n/a,0,0,0,0
1339,n/a,n/a,0,0,0,0
1340,n/a,n/a,0,0,0,0
1341,n/a,n/a,0,0,0,0
1342,n/a,n/a,0,0,0,0
1343,n/a,n/a,0,0,0,0
1344,n/a,n/a,0,0,0,0
1345,n/a,n/a,0,0,0,0
1346,n/a,n/a,0,0,0,0
1347,n/a,n/a,0,0,0,0
1348,n/a,n/a,0,0,0,0
1349,n/a,n/a,0,0,0,0
1350,n/a,n/a,0,0,0,0
1351,n/a,n/a,0,0,0,0
1352,n/a,n/a,0,0,0,0
1353,n/a,n/a,0,0,0,0
1354,n/a,n/a,0,0,0,0
1355,n/a,n/a,0,0,0,0
1356,n/a,n/a,0,0,0,0
1357,n/a,n/a,0,0,0,0
1358,n/a,n/a,0,0,0,0
1359,n/a,n/a,0,0,0,0
1360,n/a,n/a,0,0,0,0
1361,n/a,n/a,0,0,0,0
1362,n/a,n/a,0,0,0,0
1363,n/a,n/a,0,0,0,0
1364,n/a,n/a,0,0,0,0
1365,n/a,n/a,0,0,0,0
1366,n/a,n/a,0,0,0,0
1367,n/a,n/a,0,0,0,0
1368,n/a,n/a,0,0,0,0
1369,n/a,n/a,0,0,0,0
1370,n/a,n/a,0,0,0,0
1371,n/a,n/a,0,0,0,0
1372,n/a,n/a,0,0,0,0
1373,n/a,n/a,0,0,0,0
1374,n/a,n/a,0,0,0,0
1375,n/a,n/a,0,0,0,0
1376,n/a,n/a,0,0,0,0
1377,n/a,n/a,0,0,0,0
1378,n/a,n/a,0,0,0,0
1379,n/a,n/a,0,0,0,0
1380,n/a,n/a,0,0,0,0
1381,n/a,n/a,0,0,0,0
1382,n/a,n/a,0,0,0,0
1383,n/a,n/a,0,0,0,0
1384,n/a,n/a,0,0,0,0
1385,n/a,n/a,0,0,0,0
1386,n/a,n/a,0,0,0,0
1387,n/a,n/a,0,0,0,0
1388,n/a,n/a,0,0,0,0
1389,n/a,n/a,0,0,0,0
1390,n/a,n/a,0,0,0,0
1391,n/a,n/a,0,0,0,0
1392,n/a,n/a,0,0,0,0
1393,n/a,n/a,0,0,0,0
1394,n/a,n/a,0,0,0,0
1395,n/a,n/a,0,0,0,0
1396,n/a,n/a,0,0,0,0
1397,n/a,n/a,0,0,0,0
1398,n/a,n/a,0,0,0,0
1399,n/a,n/a,0,0,0,0
1400,n/a,n/a,0,0,0,0
1401,n/a,n/a,0,0,0,0
1402,n/a,n/a,0,0,0,0
1403,n/a,n/a,0,0,0,0
1404,n/a,n/a,0,0,0,0
1405,n/a,n/a,0,0,0,0
1406,n/a,n/a,0,0,0,0
1407,n/a,n/a,0,0,0,0
1408,n/a,n/a,0,0,0,0
1409,n/a,n/a,0,0,0,0
1410,n/a,n/a,0,0,0,0
1411,n/a,n/a,0,0,0,0
1412,n/a,n/a,0,0,0,0
1413,n/a,n/a,0,0,0,0
1414,n/a,n/a,0,0,0,0
1415,n/a,n/a,0,0,0,0
1416,n/a,n/a,0,0,0,0
1417,n/a,n/a,0,0,0,0
1418,n/a,n/a,0,0,0,0
1419,n/a,n/a,0,0,0,0
1420,n/a,n/a,0,0,0,0
1421,n/a,n/a,0,0,0,0
1422,n/a,n/a,0,0,0,0
1423,n/a,n/a,0,0,0,0
1424,n/a,n/a,0,0,0,0
1425,n/a,n/a,0,0,0,0
1426,n/a,n/a,0,0,0,0
1427,n/a,n/a,0,0,0,0
1428,n/a,n/a,0,0,0,0
1429,n/a,n/a,0,0,0,0
1430,n/a,n/a,0,0,0,0
1431,n/a,n/a,0,0,0,0
1432,n/a,n/a,0,0,0,0
1433,n/a,n/a,0,0,0,0
1434,n/a,n/a,0,0,0,0
1435,n/a,n/a,0,0,0,0
1436,n/a,n/a,0,0,0,0
1437,n/a,n/a,0,0,0,0
1438,n/a,n/a,0,0,0,0
1439,n/a,n/a,0,0,0,0
1440,n/a,n/a,0,0,0,0
1441,n/a,n/a,0,0,0,0
1442,n/a,n/a,0,0,0,0
1443,n/a,n/a,0,0,0,0
1444,n/a,n/a,0,0,0,0
1445,n/a,n/a,0,0,0,0
1446,n/a,n/a,0,0,0,0
1447,n/a,n/a,0,0,0,0
1448,n/a,n/a,0,0,0,0
1449,n/a,n/a,0,0,0,0
1450,n/a,n/a,0,0,0,0
1451,n/a,n/a,0,0,0,0
1452,n/a,n/a,0,0,0,0
1453,n/a,n/a,0,0,0,0
1454,n/a,n/a,0,0,0,0
1455,n/a,n/a,0,0,0,0
1456,n/a,n/a,0,0,0,0
1457,n/a,n/a,0,0,0,0
1458,n/a,n/a,0,0,0,0
1459,n/a,n/a,0,0,0,0
1460,n/a,n/a,0,0,0,0
1461,n/a,n/a,0,0,0,0
1462,n/a,n/a,0,0,0,0
1463,n/a,n/a,0,0,0,0
1464,n/a,n/a,0,0,0,0
1465,n/a,n/a,0,0,0,0
1466,n/a,n/a,0,0,0,0
1467,n/a,n/a,0,0,0,0
1468,n/a,n/a,0,0,0,0
1469,n/a,n/a,0,0,0,0
1470,n/a,n/a,0,0,0,0
1471,n/a,n/a,0,0,0,0
1472,n/a,n/a,0,0,0,0
1473,n/a,n/a,0,0,0,0
1474,n/a,n/a,0,0,0,0
1475,n/a,n/a,0,0,0,0
1476,n/a,n/a,0,0,0,0
1477,n/a,n/a,0,0,0,0
1478,n/a,n/a,0,0,0,0
1479,n/a,n/a,0,0,0,0
1480,n/a,n/a,0,0,0,0
1481,n/a,n/a,0,0,0,0
1482,n/a,n/a,0,0,0,0
1483,n/a,n/a,0,0,0,0
1484,n/a,n/a,0,0,0,0
1485,n/a,n/a,0,0,0,0
1486,n/a,n/a,0,0,0,0
1487,n/a,n/a,0,0,0,0
1488,n/a,n/a,0,0,0,0
1489,n/a,n/a,0,0,0,0
1490,n/a,n/a,0,0,0,0
1491,n/a,n/a,0,0,0,0
1492,n/a,n/a,0,0,0,0
1493,n/a,n/a,0,0,0,0
1494,n/a,n/a,0,0,0,0
1495,n/a,n/a,0,0,0,0
1496,n/a,n/a,0,0,0,0
1497,n/a,n/a,0,0,0,0
1498,n/a,n/a,0,0,0,0
1499,n/a,n/a,0,0,0,0
1500,n/a,n/a,0,0,0,0
1501,n/a,n/a,0,0,0,0
1502,n/a,n/a,0,0,0,0
1503,n/a,n/a,0,0,0,0
1504,n/a,n/a,0,0,0,0
1505,n/a,n/a,0,0,0,0
1506,n/a,n/a,0,0,0,0
1507,n/a,n/a,0,0,0,0
1508,n/a,n/a,0,0,0,0
1509,n/a,n/a,0,0,0,0
1510,n/a,n/a,0,0,0,0
1511,n/a,n/a,0,0,0,0
1512,n/a,n/a,0,0,0,0
1513,n/a,n/a,0,0,0,0
1514,n/a,n/a,0,0,0,0
1515,n/a,n/a,0,0,0,0
1516,n/a,n/a,0,0,0,0
1517,n/a,n/a,0,0,0,0
1518,n/a,n/a,0,0,0,0
1519,n/a,n/a,0,0,0,0
1520,n/a,n/a,0,0,0,0
1521,n/a,n/a,0,0,0,0
1522,n/a,n/a,0,0,0,0
1523,n/a,n/a,0,0,0,0
1524,n/a,n/a,0,0,0,0
1525,n/a,n/a,0,0,0,0
1526,n/a,n/a,0,0,0,0
1527,n/a,n/a,0,0,0,0
1528,['wheel'],[0.46247303],[1103.15625],[282.4144592285156],[1154.8228759765625],[337.77764892578125]
1529,n/a,n/a,0,0,0,0
1530,n/a,n/a,0,0,0,0
1531,n/a,n/a,0,0,0,0
1532,n/a,n/a,0,0,0,0
1533,n/a,n/a,0,0,0,0
1534,n/a,n/a,0,0,0,0
1535,n/a,n/a,0,0,0,0
1536,n/a,n/a,0,0,0,0
1537,n/a,n/a,0,0,0,0
1538,n/a,n/a,0,0,0,0
1539,n/a,n/a,0,0,0,0
1540,n/a,n/a,0,0,0,0
1541,n/a,n/a,0,0,0,0
1542,n/a,n/a,0,0,0,0
1543,n/a,n/a,0,0,0,0
1544,n/a,n/a,0,0,0,0
1545,n/a,n/a,0,0,0,0
1546,n/a,n/a,0,0,0,0
1547,n/a,n/a,0,0,0,0
1548,n/a,n/a,0,0,0,0
1549,n/a,n/a,0,0,0,0
1550,n/a,n/a,0,0,0,0
1551,n/a,n/a,0,0,0,0
1552,n/a,n/a,0,0,0,0
1553,n/a,n/a,0,0,0,0
1554,n/a,n/a,0,0,0,0
1555,n/a,n/a,0,0,0,0
1556,n/a,n/a,0,0,0,0
1557,n/a,n/a,0,0,0,0
1558,n/a,n/a,0,0,0,0
1559,n/a,n/a,0,0,0,0
1560,['wheel'],[0.45326185],[715.3896484375],[274.9735412597656],[741.1321411132812],[305.8159484863281]
1561,n/a,n/a,0,0,0,0
1562,n/a,n/a,0,0,0,0
1563,n/a,n/a,0,0,0,0
1564,n/a,n/a,0,0,0,0
1565,n/a,n/a,0,0,0,0
1566,n/a,n/a,0,0,0,0
1567,n/a,n/a,0,0,0,0
1568,n/a,n/a,0,0,0,0
1569,n/a,n/a,0,0,0,0
1570,n/a,n/a,0,0,0,0
1571,n/a,n/a,0,0,0,0
1572,['wheel'],[0.47426593],[458.9381408691406],[282.5556640625],[480.7735595703125],[310.85675048828125]
1573,n/a,n/a,0,0,0,0
1574,n/a,n/a,0,0,0,0
1575,n/a,n/a,0,0,0,0
1576,n/a,n/a,0,0,0,0
1577,n/a,n/a,0,0,0,0
1578,n/a,n/a,0,0,0,0
1579,n/a,n/a,0,0,0,0
1580,n/a,n/a,0,0,0,0
1581,n/a,n/a,0,0,0,0
1582,n/a,n/a,0,0,0,0
1583,n/a,n/a,0,0,0,0
1584,n/a,n/a,0,0,0,0
1585,n/a,n/a,0,0,0,0
1586,n/a,n/a,0,0,0,0
1587,n/a,n/a,0,0,0,0
1588,n/a,n/a,0,0,0,0
1589,n/a,n/a,0,0,0,0
1590,n/a,n/a,0,0,0,0
1591,n/a,n/a,0,0,0,0
1592,n/a,n/a,0,0,0,0
1593,n/a,n/a,0,0,0,0
1594,n/a,n/a,0,0,0,0
1595,n/a,n/a,0,0,0,0
1596,n/a,n/a,0,0,0,0
1597,n/a,n/a,0,0,0,0
1598,n/a,n/a,0,0,0,0
1599,n/a,n/a,0,0,0,0
1600,n/a,n/a,0,0,0,0
1601,n/a,n/a,0,0,0,0
1602,n/a,n/a,0,0,0,0
1603,n/a,n/a,0,0,0,0
1604,n/a,n/a,0,0,0,0
1605,n/a,n/a,0,0,0,0
1606,n/a,n/a,0,0,0,0
1607,n/a,n/a,0,0,0,0
1608,n/a,n/a,0,0,0,0
1609,n/a,n/a,0,0,0,0
1610,n/a,n/a,0,0,0,0
1611,n/a,n/a,0,0,0,0
1612,n/a,n/a,0,0,0,0
1613,n/a,n/a,0,0,0,0
1614,n/a,n/a,0,0,0,0
1615,n/a,n/a,0,0,0,0
1616,n/a,n/a,0,0,0,0
1617,n/a,n/a,0,0,0,0
1618,n/a,n/a,0,0,0,0
1619,n/a,n/a,0,0,0,0
1620,n/a,n/a,0,0,0,0
1621,n/a,n/a,0,0,0,0
1622,n/a,n/a,0,0,0,0
1623,n/a,n/a,0,0,0,0
1624,n/a,n/a,0,0,0,0
1625,n/a,n/a,0,0,0,0
1626,n/a,n/a,0,0,0,0
1627,n/a,n/a,0,0,0,0
1628,n/a,n/a,0,0,0,0
1629,n/a,n/a,0,0,0,0
1630,n/a,n/a,0,0,0,0
1631,n/a,n/a,0,0,0,0
1632,n/a,n/a,0,0,0,0
1633,n/a,n/a,0,0,0,0
1634,n/a,n/a,0,0,0,0
1635,n/a,n/a,0,0,0,0
1636,n/a,n/a,0,0,0,0
1637,n/a,n/a,0,0,0,0
1638,n/a,n/a,0,0,0,0
1639,n/a,n/a,0,0,0,0
1640,n/a,n/a,0,0,0,0
1641,n/a,n/a,0,0,0,0
1642,n/a,n/a,0,0,0,0
1643,n/a,n/a,0,0,0,0
1644,n/a,n/a,0,0,0,0
1645,n/a,n/a,0,0,0,0
1646,n/a,n/a,0,0,0,0
1647,n/a,n/a,0,0,0,0
1648,n/a,n/a,0,0,0,0
1649,n/a,n/a,0,0,0,0
1650,n/a,n/a,0,0,0,0
1651,n/a,n/a,0,0,0,0
1652,n/a,n/a,0,0,0,0
1653,n/a,n/a,0,0,0,0
1654,n/a,n/a,0,0,0,0
1655,n/a,n/a,0,0,0,0
1656,n/a,n/a,0,0,0,0
1657,n/a,n/a,0,0,0,0
1658,n/a,n/a,0,0,0,0
1659,n/a,n/a,0,0,0,0
1660,n/a,n/a,0,0,0,0
1661,n/a,n/a,0,0,0,0
1662,n/a,n/a,0,0,0,0
1663,n/a,n/a,0,0,0,0
1664,n/a,n/a,0,0,0,0
1665,n/a,n/a,0,0,0,0
1666,n/a,n/a,0,0,0,0
1667,n/a,n/a,0,0,0,0
1668,n/a,n/a,0,0,0,0
1669,n/a,n/a,0,0,0,0
1670,n/a,n/a,0,0,0,0
1671,n/a,n/a,0,0,0,0
1672,n/a,n/a,0,0,0,0
1673,n/a,n/a,0,0,0,0
1674,n/a,n/a,0,0,0,0
1675,n/a,n/a,0,0,0,0
1676,n/a,n/a,0,0,0,0
1677,n/a,n/a,0,0,0,0
1678,n/a,n/a,0,0,0,0
1679,n/a,n/a,0,0,0,0
1680,n/a,n/a,0,0,0,0
1681,n/a,n/a,0,0,0,0
1682,n/a,n/a,0,0,0,0
1683,n/a,n/a,0,0,0,0
1684,n/a,n/a,0,0,0,0
1685,n/a,n/a,0,0,0,0
1686,n/a,n/a,0,0,0,0
1687,n/a,n/a,0,0,0,0
1688,n/a,n/a,0,0,0,0
1689,n/a,n/a,0,0,0,0
1690,n/a,n/a,0,0,0,0
1691,n/a,n/a,0,0,0,0
1692,n/a,n/a,0,0,0,0
1693,n/a,n/a,0,0,0,0
1694,n/a,n/a,0,0,0,0
1695,n/a,n/a,0,0,0,0
1696,n/a,n/a,0,0,0,0
1697,n/a,n/a,0,0,0,0
1698,n/a,n/a,0,0,0,0
1699,n/a,n/a,0,0,0,0
1700,n/a,n/a,0,0,0,0
1701,n/a,n/a,0,0,0,0
1702,n/a,n/a,0,0,0,0
1703,n/a,n/a,0,0,0,0
1704,n/a,n/a,0,0,0,0
1705,n/a,n/a,0,0,0,0
1706,n/a,n/a,0,0,0,0
1707,n/a,n/a,0,0,0,0
1708,n/a,n/a,0,0,0,0
1709,n/a,n/a,0,0,0,0
1710,n/a,n/a,0,0,0,0
1711,n/a,n/a,0,0,0,0
1712,n/a,n/a,0,0,0,0
1713,n/a,n/a,0,0,0,0
1714,n/a,n/a,0,0,0,0
1715,n/a,n/a,0,0,0,0
1716,n/a,n/a,0,0,0,0
1717,n/a,n/a,0,0,0,0
1718,n/a,n/a,0,0,0,0
1719,n/a,n/a,0,0,0,0
1720,n/a,n/a,0,0,0,0
1721,n/a,n/a,0,0,0,0
1722,n/a,n/a,0,0,0,0
1723,n/a,n/a,0,0,0,0
1724,n/a,n/a,0,0,0,0
1725,n/a,n/a,0,0,0,0
1726,n/a,n/a,0,0,0,0
1727,n/a,n/a,0,0,0,0
1728,n/a,n/a,0,0,0,0
1729,n/a,n/a,0,0,0,0
1730,n/a,n/a,0,0,0,0
1731,n/a,n/a,0,0,0,0
1732,n/a,n/a,0,0,0,0
1733,n/a,n/a,0,0,0,0
1734,n/a,n/a,0,0,0,0
1735,n/a,n/a,0,0,0,0
1736,n/a,n/a,0,0,0,0
1737,n/a,n/a,0,0,0,0
1738,n/a,n/a,0,0,0,0
1739,n/a,n/a,0,0,0,0
1740,n/a,n/a,0,0,0,0
1741,n/a,n/a,0,0,0,0
1742,n/a,n/a,0,0,0,0
1743,n/a,n/a,0,0,0,0
1744,n/a,n/a,0,0,0,0
1745,n/a,n/a,0,0,0,0
1746,n/a,n/a,0,0,0,0
1747,n/a,n/a,0,0,0,0
1748,n/a,n/a,0,0,0,0
1749,n/a,n/a,0,0,0,0
1750,n/a,n/a,0,0,0,0
1751,n/a,n/a,0,0,0,0
1752,n/a,n/a,0,0,0,0
1753,n/a,n/a,0,0,0,0
1754,n/a,n/a,0,0,0,0
1755,n/a,n/a,0,0,0,0
1756,n/a,n/a,0,0,0,0
1757,n/a,n/a,0,0,0,0
1758,n/a,n/a,0,0,0,0
1759,n/a,n/a,0,0,0,0
1760,n/a,n/a,0,0,0,0
1761,n/a,n/a,0,0,0,0
1762,n/a,n/a,0,0,0,0
1763,n/a,n/a,0,0,0,0
1764,n/a,n/a,0,0,0,0
1765,n/a,n/a,0,0,0,0
1766,n/a,n/a,0,0,0,0
1767,n/a,n/a,0,0,0,0
1768,n/a,n/a,0,0,0,0
1769,n/a,n/a,0,0,0,0
1770,n/a,n/a,0,0,0,0
1771,n/a,n/a,0,0,0,0
1772,n/a,n/a,0,0,0,0
1773,n/a,n/a,0,0,0,0
1774,n/a,n/a,0,0,0,0
1775,n/a,n/a,0,0,0,0
1776,n/a,n/a,0,0,0,0
1777,n/a,n/a,0,0,0,0
1778,n/a,n/a,0,0,0,0
1779,n/a,n/a,0,0,0,0
1780,n/a,n/a,0,0,0,0
1781,n/a,n/a,0,0,0,0
1782,n/a,n/a,0,0,0,0
1783,n/a,n/a,0,0,0,0
1784,n/a,n/a,0,0,0,0
1785,n/a,n/a,0,0,0,0
1786,n/a,n/a,0,0,0,0
1787,n/a,n/a,0,0,0,0
1788,n/a,n/a,0,0,0,0
1789,n/a,n/a,0,0,0,0
1790,n/a,n/a,0,0,0,0
1791,n/a,n/a,0,0,0,0
1792,n/a,n/a,0,0,0,0
1793,n/a,n/a,0,0,0,0
1794,n/a,n/a,0,0,0,0
1795,n/a,n/a,0,0,0,0
1796,n/a,n/a,0,0,0,0
1797,n/a,n/a,0,0,0,0
1798,n/a,n/a,0,0,0,0
1799,n/a,n/a,0,0,0,0
1800,n/a,n/a,0,0,0,0
1801,n/a,n/a,0,0,0,0
1802,n/a,n/a,0,0,0,0
1803,n/a,n/a,0,0,0,0
1804,n/a,n/a,0,0,0,0
1805,n/a,n/a,0,0,0,0
1806,n/a,n/a,0,0,0,0
1807,n/a,n/a,0,0,0,0
1808,n/a,n/a,0,0,0,0
1809,n/a,n/a,0,0,0,0
1810,n/a,n/a,0,0,0,0
1811,n/a,n/a,0,0,0,0
1812,n/a,n/a,0,0,0,0
1813,n/a,n/a,0,0,0,0
1814,n/a,n/a,0,0,0,0
1815,n/a,n/a,0,0,0,0
1816,n/a,n/a,0,0,0,0
1817,n/a,n/a,0,0,0,0
1818,n/a,n/a,0,0,0,0
1819,n/a,n/a,0,0,0,0
1820,n/a,n/a,0,0,0,0
1821,n/a,n/a,0,0,0,0
1822,n/a,n/a,0,0,0,0
1823,n/a,n/a,0,0,0,0
1824,n/a,n/a,0,0,0,0
1825,n/a,n/a,0,0,0,0
1826,n/a,n/a,0,0,0,0
1827,n/a,n/a,0,0,0,0
1828,n/a,n/a,0,0,0,0
1829,n/a,n/a,0,0,0,0
1830,n/a,n/a,0,0,0,0
1831,n/a,n/a,0,0,0,0
1832,n/a,n/a,0,0,0,0
1833,n/a,n/a,0,0,0,0
1834,n/a,n/a,0,0,0,0
