frame,labels,scores,boxes
1,['motorcycle'],[0.9352582693099976],"[[518, 273, 549, 317]]"
2,['motorcycle'],[0.9312520027160645],"[[518, 273, 549, 317]]"
3,['motorcycle'],[0.8473859429359436],"[[517, 273, 549, 318]]"
4,['motorcycle'],[0.795390248298645],"[[517, 274, 549, 318]]"
5,['motorcycle'],[0.7841203808784485],"[[517, 274, 549, 318]]"
6,['motorcycle'],[0.8468101024627686],"[[517, 274, 549, 318]]"
7,[],[],[]
8,[],[],[]
9,[],[],[]
10,[],[],[]
11,[],[],[]
12,[],[],[]
13,[],[],[]
14,[],[],[]
15,[],[],[]
16,[],[],[]
17,[],[],[]
18,['motorcycle'],[0.8713834881782532],"[[515, 273, 548, 318]]"
19,['motorcycle'],[0.7850242257118225],"[[515, 273, 548, 318]]"
20,['motorcycle'],[0.7843858003616333],"[[516, 271, 548, 318]]"
21,[],[],[]
22,[],[],[]
23,[],[],[]
24,[],[],[]
25,[],[],[]
26,[],[],[]
27,[],[],[]
28,[],[],[]
29,[],[],[]
30,[],[],[]
31,[],[],[]
32,[],[],[]
33,[],[],[]
34,[],[],[]
35,[],[],[]
36,[],[],[]
37,[],[],[]
38,[],[],[]
39,[],[],[]
40,[],[],[]
41,[],[],[]
42,[],[],[]
43,[],[],[]
44,[],[],[]
45,[],[],[]
46,[],[],[]
47,[],[],[]
48,[],[],[]
49,[],[],[]
50,[],[],[]
51,[],[],[]
52,[],[],[]
53,[],[],[]
54,[],[],[]
55,[],[],[]
56,['car'],[0.8598507642745972],"[[320, 240, 408, 303]]"
57,['car'],[0.7909048199653625],"[[317, 239, 406, 304]]"
58,['car'],[0.7485747933387756],"[[317, 239, 402, 303]]"
59,['car'],[0.7563672065734863],"[[316, 239, 403, 303]]"
60,[],[],[]
61,[],[],[]
62,[],[],[]
63,[],[],[]
64,['motorcycle'],[0.826220691204071],"[[517, 275, 548, 317]]"
65,[],[],[]
66,[],[],[]
67,[],[],[]
68,[],[],[]
69,[],[],[]
70,[],[],[]
71,[],[],[]
72,[],[],[]
73,[],[],[]
74,[],[],[]
75,[],[],[]
76,[],[],[]
77,[],[],[]
78,[],[],[]
79,[],[],[]
80,['motorcycle'],[0.8712679743766785],"[[518, 275, 548, 317]]"
81,['motorcycle'],[0.8871914148330688],"[[518, 275, 548, 317]]"
82,['motorcycle'],[0.9070853590965271],"[[518, 275, 548, 317]]"
83,['motorcycle'],[0.8929895162582397],"[[519, 274, 548, 317]]"
84,['motorcycle'],[0.8176319003105164],"[[519, 275, 548, 317]]"
85,['motorcycle'],[0.8282245397567749],"[[519, 275, 548, 317]]"
86,[],[],[]
87,[],[],[]
88,[],[],[]
89,[],[],[]
90,[],[],[]
91,[],[],[]
92,[],[],[]
93,[],[],[]
94,[],[],[]
95,[],[],[]
96,[],[],[]
97,[],[],[]
98,[],[],[]
99,[],[],[]
100,[],[],[]
101,[],[],[]
102,[],[],[]
103,[],[],[]
104,[],[],[]
105,[],[],[]
106,[],[],[]
107,[],[],[]
108,[],[],[]
109,[],[],[]
110,[],[],[]
111,[],[],[]
112,[],[],[]
113,[],[],[]
114,[],[],[]
115,[],[],[]
116,[],[],[]
117,['motorcycle'],[0.8463392853736877],"[[519, 270, 549, 319]]"
118,[],[],[]
119,[],[],[]
120,[],[],[]
121,[],[],[]
122,[],[],[]
123,[],[],[]
124,[],[],[]
125,[],[],[]
126,[],[],[]
127,[],[],[]
128,[],[],[]
129,[],[],[]
130,[],[],[]
131,[],[],[]
132,[],[],[]
133,[],[],[]
134,[],[],[]
135,[],[],[]
136,[],[],[]
137,[],[],[]
138,[],[],[]
139,['motorcycle'],[0.8441240191459656],"[[519, 272, 549, 319]]"
140,['motorcycle'],[0.8246311545372009],"[[519, 273, 549, 319]]"
141,['motorcycle'],[0.8655226826667786],"[[519, 272, 549, 319]]"
142,[],[],[]
143,[],[],[]
144,[],[],[]
145,[],[],[]
146,[],[],[]
147,[],[],[]
148,[],[],[]
149,[],[],[]
150,['car'],[0.7823811173439026],"[[316, 239, 407, 303]]"
151,['car'],[0.7918137907981873],"[[316, 239, 407, 303]]"
152,['car'],[0.7973803877830505],"[[316, 239, 407, 303]]"
153,[],[],[]
154,['car'],[0.7748012542724609],"[[316, 239, 407, 303]]"
155,['car'],[0.7813356518745422],"[[315, 239, 407, 303]]"
156,['car'],[0.7885866165161133],"[[316, 239, 407, 303]]"
157,['car'],[0.790161669254303],"[[316, 238, 407, 302]]"
158,['car'],[0.7852163314819336],"[[316, 239, 407, 302]]"
159,['car'],[0.7836595177650452],"[[315, 239, 407, 303]]"
160,['car'],[0.7901928424835205],"[[315, 239, 407, 303]]"
161,[],[],[]
162,['car'],[0.7670777440071106],"[[315, 239, 407, 303]]"
163,[],[],[]
164,[],[],[]
165,[],[],[]
166,[],[],[]
167,[],[],[]
168,['car'],[0.7774004340171814],"[[316, 238, 407, 303]]"
169,[],[],[]
170,[],[],[]
171,[],[],[]
172,[],[],[]
173,['motorcycle'],[0.8467521071434021],"[[519, 274, 548, 317]]"
174,['motorcycle'],[0.8632611632347107],"[[520, 273, 547, 317]]"
175,['motorcycle'],[0.7941406965255737],"[[519, 274, 548, 317]]"
176,[],[],[]
177,[],[],[]
178,[],[],[]
179,[],[],[]
180,[],[],[]
181,[],[],[]
182,[],[],[]
183,[],[],[]
184,[],[],[]
185,[],[],[]
186,[],[],[]
187,[],[],[]
188,[],[],[]
189,[],[],[]
190,[],[],[]
191,[],[],[]
192,[],[],[]
193,[],[],[]
194,[],[],[]
195,[],[],[]
196,[],[],[]
197,[],[],[]
198,[],[],[]
199,[],[],[]
200,[],[],[]
201,[],[],[]
202,[],[],[]
203,[],[],[]
204,[],[],[]
205,[],[],[]
206,[],[],[]
207,[],[],[]
208,[],[],[]
209,[],[],[]
210,[],[],[]
211,[],[],[]
212,[],[],[]
213,[],[],[]
214,[],[],[]
215,[],[],[]
216,[],[],[]
217,[],[],[]
218,[],[],[]
219,[],[],[]
220,[],[],[]
221,[],[],[]
222,[],[],[]
223,[],[],[]
224,[],[],[]
225,[],[],[]
226,[],[],[]
227,[],[],[]
228,[],[],[]
229,[],[],[]
230,[],[],[]
231,['motorcycle'],[0.8295767307281494],"[[516, 274, 548, 318]]"
232,[],[],[]
233,[],[],[]
234,[],[],[]
235,[],[],[]
236,[],[],[]
237,[],[],[]
238,['car'],[0.7773996591567993],"[[285, 240, 409, 308]]"
239,['car'],[0.8117506504058838],"[[281, 240, 409, 309]]"
240,['car'],[0.7762519121170044],"[[283, 240, 409, 309]]"
241,['car'],[0.755155086517334],"[[284, 240, 409, 309]]"
242,[],[],[]
243,[],[],[]
244,[],[],[]
245,[],[],[]
246,[],[],[]
247,[],[],[]
248,[],[],[]
249,[],[],[]
250,[],[],[]
251,[],[],[]
252,[],[],[]
253,[],[],[]
254,[],[],[]
255,[],[],[]
256,[],[],[]
257,[],[],[]
258,[],[],[]
259,[],[],[]
260,[],[],[]
261,[],[],[]
262,['motorcycle'],[0.8735014200210571],"[[519, 276, 549, 316]]"
263,['motorcycle'],[0.8522995710372925],"[[518, 276, 549, 316]]"
264,['motorcycle'],[0.8650929927825928],"[[519, 276, 549, 317]]"
265,[],[],[]
266,[],[],[]
267,[],[],[]
268,[],[],[]
269,[],[],[]
270,[],[],[]
271,[],[],[]
272,[],[],[]
273,[],[],[]
274,[],[],[]
275,[],[],[]
276,[],[],[]
277,[],[],[]
278,[],[],[]
279,[],[],[]
280,[],[],[]
281,[],[],[]
282,[],[],[]
283,[],[],[]
284,[],[],[]
285,[],[],[]
286,[],[],[]
287,[],[],[]
288,[],[],[]
289,[],[],[]
290,[],[],[]
291,[],[],[]
292,[],[],[]
293,['motorcycle'],[0.8277177214622498],"[[519, 272, 549, 318]]"
294,['motorcycle'],[0.8345348834991455],"[[519, 271, 549, 318]]"
295,['motorcycle'],[0.8643330335617065],"[[518, 271, 549, 318]]"
296,['motorcycle'],[0.8813158869743347],"[[518, 271, 548, 318]]"
297,['car'],[0.7644908428192139],"[[285, 238, 408, 303]]"
298,[],[],[]
299,['car'],[0.7690861821174622],"[[312, 239, 403, 303]]"
300,['car'],[0.7750392556190491],"[[308, 240, 403, 303]]"
301,[],[],[]
302,['car'],[0.8023030161857605],"[[307, 240, 404, 302]]"
303,['car'],[0.816182553768158],"[[306, 240, 404, 302]]"
304,['car'],[0.8283897638320923],"[[305, 240, 404, 302]]"
305,['car'],[0.8318310379981995],"[[303, 240, 404, 302]]"
306,['car'],[0.8226212859153748],"[[305, 240, 404, 302]]"
307,['car'],[0.8464896082878113],"[[308, 240, 404, 302]]"
308,['car'],[0.8592958450317383],"[[309, 240, 404, 302]]"
309,['car'],[0.849994957447052],"[[309, 240, 404, 302]]"
310,['car'],[0.8508379459381104],"[[310, 240, 404, 302]]"
311,['car'],[0.8468669056892395],"[[308, 240, 404, 302]]"
312,['car'],[0.8604452610015869],"[[310, 240, 405, 302]]"
313,['car'],[0.8569604754447937],"[[310, 240, 404, 302]]"
314,['car'],[0.8581077456474304],"[[310, 240, 404, 302]]"
315,['car'],[0.8551415205001831],"[[310, 240, 404, 302]]"
316,['car'],[0.8523805737495422],"[[310, 240, 404, 302]]"
317,['car'],[0.8548851609230042],"[[310, 240, 404, 302]]"
318,['car'],[0.853774905204773],"[[309, 240, 404, 302]]"
319,['car'],[0.8444309830665588],"[[310, 240, 405, 303]]"
320,['car'],[0.8151854276657104],"[[307, 240, 405, 303]]"
321,['car'],[0.8381737470626831],"[[308, 241, 405, 303]]"
322,['car'],[0.7747550010681152],"[[306, 240, 405, 305]]"
323,['car'],[0.8128424286842346],"[[305, 241, 406, 305]]"
324,['car'],[0.8306124210357666],"[[256, 241, 407, 306]]"
325,[],[],[]
326,[],[],[]
327,['car'],[0.7923210263252258],"[[322, 237, 409, 304]]"
328,[],[],[]
329,[],[],[]
330,[],[],[]
331,[],[],[]
332,[],[],[]
333,[],[],[]
334,[],[],[]
335,[],[],[]
336,[],[],[]
337,[],[],[]
338,[],[],[]
339,[],[],[]
340,[],[],[]
341,[],[],[]
342,[],[],[]
343,[],[],[]
344,[],[],[]
345,[],[],[]
346,[],[],[]
347,[],[],[]
348,[],[],[]
349,[],[],[]
350,[],[],[]
351,[],[],[]
352,[],[],[]
353,[],[],[]
354,[],[],[]
355,[],[],[]
356,[],[],[]
357,[],[],[]
358,[],[],[]
359,[],[],[]
360,[],[],[]
361,[],[],[]
362,[],[],[]
363,[],[],[]
364,[],[],[]
365,[],[],[]
366,[],[],[]
367,[],[],[]
368,[],[],[]
369,[],[],[]
370,[],[],[]
371,[],[],[]
372,[],[],[]
373,[],[],[]
374,[],[],[]
375,[],[],[]
376,[],[],[]
377,[],[],[]
378,[],[],[]
379,[],[],[]
380,[],[],[]
381,[],[],[]
382,[],[],[]
383,[],[],[]
384,[],[],[]
385,[],[],[]
386,[],[],[]
387,['car'],[0.8244951963424683],"[[319, 241, 410, 306]]"
388,[],[],[]
389,[],[],[]
390,[],[],[]
391,[],[],[]
392,[],[],[]
393,[],[],[]
394,[],[],[]
395,[],[],[]
396,[],[],[]
397,[],[],[]
398,[],[],[]
399,[],[],[]
400,[],[],[]
401,[],[],[]
402,[],[],[]
403,[],[],[]
404,[],[],[]
405,[],[],[]
406,[],[],[]
407,[],[],[]
408,[],[],[]
409,[],[],[]
410,[],[],[]
411,[],[],[]
412,[],[],[]
413,[],[],[]
414,[],[],[]
415,[],[],[]
416,[],[],[]
417,[],[],[]
418,['car'],[0.8880363702774048],"[[7, 339, 33, 369]]"
419,['car'],[0.888658881187439],"[[7, 338, 32, 368]]"
420,['car'],[0.8748387098312378],"[[7, 339, 33, 368]]"
421,['car'],[0.8921499252319336],"[[7, 340, 35, 369]]"
422,['car'],[0.8806470632553101],"[[7, 344, 35, 369]]"
423,['car'],[0.9065167903900146],"[[7, 344, 37, 369]]"
424,['car'],[0.872474730014801],"[[7, 342, 37, 371]]"
425,['car'],[0.9216942191123962],"[[8, 334, 38, 369]]"
426,['car'],[0.9186465740203857],"[[8, 335, 39, 369]]"
427,['car'],[0.9352895617485046],"[[8, 334, 41, 371]]"
428,['car'],[0.9344980120658875],"[[7, 333, 43, 370]]"
429,['car'],[0.9539676308631897],"[[7, 333, 44, 370]]"
430,['car'],[0.9473323225975037],"[[7, 332, 44, 371]]"
431,['car'],[0.956144392490387],"[[7, 332, 46, 372]]"
432,['car'],[0.9587610960006714],"[[7, 335, 47, 371]]"
433,['car'],[0.956072211265564],"[[8, 332, 49, 371]]"
434,['car'],[0.948650598526001],"[[8, 332, 50, 371]]"
435,['car'],[0.9581127762794495],"[[9, 334, 52, 374]]"
436,['car'],[0.9571728110313416],"[[8, 332, 53, 376]]"
437,['car'],[0.9489423632621765],"[[8, 333, 55, 376]]"
438,['car'],[0.9615351557731628],"[[9, 333, 57, 376]]"
439,['car'],[0.9665627479553223],"[[8, 333, 59, 376]]"
440,['car'],[0.9649033546447754],"[[9, 331, 61, 376]]"
441,['car'],[0.9697799682617188],"[[9, 332, 61, 375]]"
442,['car'],[0.9571375846862793],"[[9, 333, 63, 376]]"
443,['car'],[0.9634565711021423],"[[10, 332, 66, 377]]"
444,['car'],[0.9578829407691956],"[[11, 333, 69, 377]]"
445,['car'],[0.9435440897941589],"[[11, 333, 78, 377]]"
446,['car'],[0.9419788718223572],"[[10, 331, 78, 376]]"
447,"['car', 'car']","[0.914928138256073, 0.9664368629455566]","[[322, 239, 408, 303], [16, 331, 77, 376]]"
448,"['car', 'car', 'motorcycle']","[0.9449586272239685, 0.8033664226531982, 0.8602357506752014]","[[14, 331, 79, 377], [7, 366, 24, 399], [518, 273, 548, 319]]"
449,"['car', 'car', 'motorcycle']","[0.9094408750534058, 0.8175172805786133, 0.8524230718612671]","[[15, 331, 81, 377], [7, 364, 26, 400], [518, 273, 548, 319]]"
450,"['car', 'car', 'motorcycle']","[0.9498286247253418, 0.8613042235374451, 0.8694061040878296]","[[17, 330, 83, 377], [8, 366, 28, 400], [518, 273, 548, 319]]"
451,"['car', 'car', 'motorcycle', 'car']","[0.8586296439170837, 0.8979798555374146, 0.8707288503646851, 0.9033222198486328]","[[8, 365, 30, 401], [12, 331, 85, 377], [518, 273, 548, 319], [35, 329, 86, 368]]"
452,"['car', 'car', 'motorcycle']","[0.9653415679931641, 0.926403284072876, 0.8578476309776306]","[[23, 330, 88, 377], [8, 350, 33, 402], [518, 273, 548, 319]]"
453,"['car', 'car', 'motorcycle']","[0.9674126505851746, 0.9322859048843384, 0.8655409216880798]","[[17, 330, 92, 377], [8, 353, 35, 401], [518, 273, 548, 319]]"
454,"['car', 'car', 'motorcycle']","[0.9723187685012817, 0.9518773555755615, 0.8697555661201477]","[[19, 330, 93, 377], [8, 353, 37, 400], [518, 273, 548, 319]]"
455,"['car', 'car', 'car', 'motorcycle']","[0.776579737663269, 0.9580379724502563, 0.9516417384147644, 0.8523013591766357]","[[42, 329, 95, 368], [22, 331, 94, 378], [9, 353, 39, 400], [518, 273, 548, 319]]"
456,"['car', 'car', 'motorcycle', 'car']","[0.9434152245521545, 0.9481417536735535, 0.850906491279602, 0.8814489245414734]","[[21, 331, 97, 379], [9, 353, 42, 401], [518, 273, 548, 319], [35, 329, 99, 370]]"
457,"['car', 'car', 'motorcycle', 'car']","[0.9262468218803406, 0.9527612328529358, 0.8580411672592163, 0.9636858105659485]","[[18, 344, 74, 380], [9, 356, 44, 404], [518, 273, 549, 319], [35, 328, 101, 371]]"
458,"['car', 'car', 'motorcycle', 'car']","[0.900579035282135, 0.9395330548286438, 0.8122974634170532, 0.8894726634025574]","[[27, 329, 103, 380], [9, 355, 47, 404], [518, 273, 549, 319], [39, 327, 104, 372]]"
459,"['car', 'car']","[0.9633706212043762, 0.9504284858703613]","[[36, 328, 107, 378], [9, 350, 50, 406]]"
460,"['car', 'car', 'motorcycle']","[0.9663904309272766, 0.9648188948631287, 0.8608354330062866]","[[39, 328, 109, 377], [8, 348, 52, 408], [518, 273, 549, 320]]"
461,"['car', 'car', 'motorcycle']","[0.9709545969963074, 0.9666923880577087, 0.831451952457428]","[[43, 327, 113, 376], [9, 348, 55, 409], [518, 273, 549, 320]]"
462,"['car', 'car', 'motorcycle']","[0.9730397462844849, 0.9672722220420837, 0.8960756659507751]","[[45, 326, 117, 376], [8, 348, 58, 410], [518, 272, 549, 319]]"
463,"['car', 'car']","[0.9713407754898071, 0.9714549779891968]","[[48, 325, 120, 376], [7, 347, 63, 405]]"
464,"['car', 'car']","[0.971515417098999, 0.9703222513198853]","[[48, 325, 124, 377], [7, 347, 68, 412]]"
465,"['car', 'car']","[0.9718148112297058, 0.9735112190246582]","[[50, 325, 128, 377], [7, 347, 69, 413]]"
466,"['car', 'car', 'motorcycle']","[0.9702050685882568, 0.9695106148719788, 0.798149049282074]","[[52, 325, 132, 376], [7, 346, 74, 412], [518, 274, 548, 319]]"
467,"['car', 'car', 'motorcycle']","[0.9741051197052002, 0.9711125493049622, 0.8207980990409851]","[[55, 325, 136, 377], [7, 344, 78, 416], [518, 274, 548, 319]]"
468,"['car', 'car', 'motorcycle']","[0.9690326452255249, 0.9690452814102173, 0.8779009580612183]","[[61, 325, 141, 377], [8, 344, 79, 418], [518, 273, 548, 319]]"
469,"['car', 'car', 'car', 'motorcycle']","[0.9600377678871155, 0.90982586145401, 0.9688211679458618, 0.8835676312446594]","[[67, 324, 144, 372], [61, 338, 120, 381], [8, 346, 81, 422], [519, 273, 548, 319]]"
470,"['car', 'car', 'car', 'car', 'motorcycle']","[0.9283761978149414, 0.9554561376571655, 0.7617200016975403, 0.970416784286499, 0.8771693110466003]","[[67, 336, 130, 381], [71, 324, 150, 371], [12, 343, 101, 383], [9, 346, 85, 425], [519, 273, 548, 319]]"
471,"['car', 'car', 'motorcycle']","[0.9695373177528381, 0.9645453095436096, 0.8762685060501099]","[[71, 322, 157, 378], [8, 344, 89, 424], [519, 273, 548, 319]]"
472,"['car', 'car', 'motorcycle']","[0.9630374908447266, 0.9634889960289001, 0.890775740146637]","[[73, 321, 163, 380], [9, 344, 91, 424], [518, 273, 549, 320]]"
473,"['car', 'car', 'motorcycle']","[0.9699859023094177, 0.965149462223053, 0.8578787446022034]","[[76, 322, 167, 380], [11, 345, 95, 427], [519, 274, 548, 319]]"
474,"['car', 'car', 'motorcycle']","[0.9733760952949524, 0.9668147563934326, 0.8471470475196838]","[[78, 321, 171, 379], [8, 344, 99, 429], [519, 274, 548, 319]]"
475,"['car', 'car', 'motorcycle']","[0.9611249566078186, 0.9669268727302551, 0.9100112915039062]","[[82, 321, 176, 379], [7, 345, 104, 430], [519, 274, 548, 319]]"
476,"['car', 'car', 'car']","[0.9686754941940308, 0.7779083251953125, 0.9622545838356018]","[[85, 321, 183, 380], [7, 332, 44, 355], [8, 345, 108, 433]]"
477,"['car', 'car', 'car', 'car', 'car', 'car']","[0.9602620005607605, 0.9520676732063293, 0.8182073831558228, 0.8025527596473694, 0.8796026706695557, 0.822738528251648]","[[10, 345, 111, 429], [109, 324, 190, 369], [758, 258, 787, 278], [320, 243, 409, 304], [86, 331, 168, 381], [7, 333, 49, 361]]"
478,"['car', 'car', 'car', 'car']","[0.9717594385147095, 0.9658058285713196, 0.8355370759963989, 0.830845057964325]","[[9, 344, 119, 433], [93, 320, 192, 382], [757, 258, 786, 278], [8, 333, 51, 359]]"
479,"['car', 'car', 'car', 'car', 'car', 'car']","[0.8416688442230225, 0.9750845432281494, 0.9649274349212646, 0.8619567155838013, 0.8637440800666809, 0.7734544277191162]","[[91, 331, 145, 382], [8, 344, 123, 434], [104, 319, 198, 377], [757, 259, 786, 278], [8, 335, 50, 362], [322, 239, 409, 302]]"
480,"['car', 'car', 'car', 'car', 'car']","[0.969984769821167, 0.9656248092651367, 0.8482000827789307, 0.8448171615600586, 0.7782388925552368]","[[9, 344, 128, 434], [101, 318, 206, 382], [757, 259, 786, 278], [7, 334, 52, 365], [322, 239, 409, 302]]"
481,"['car', 'car', 'car']","[0.9718767404556274, 0.966320812702179, 0.7879374623298645]","[[8, 343, 134, 435], [103, 317, 211, 381], [757, 259, 786, 278]]"
482,"['car', 'car', 'car']","[0.9752799272537231, 0.968055009841919, 0.7740415930747986]","[[9, 343, 139, 439], [111, 317, 217, 381], [8, 335, 56, 368]]"
483,"['car', 'car', 'car', 'car']","[0.9668960571289062, 0.9644387364387512, 0.7826899290084839, 0.8770940899848938]","[[9, 344, 144, 440], [113, 315, 225, 381], [757, 259, 786, 278], [8, 335, 61, 377]]"
484,"['car', 'car', 'car']","[0.9682191610336304, 0.9666994214057922, 0.8752024173736572]","[[11, 344, 151, 441], [120, 314, 232, 381], [9, 334, 64, 377]]"
485,"['car', 'car', 'car', 'car']","[0.9696681499481201, 0.966478705406189, 0.7868450880050659, 0.905972957611084]","[[16, 345, 159, 442], [124, 314, 241, 381], [757, 259, 786, 278], [9, 335, 65, 378]]"
486,"['car', 'car', 'car']","[0.9642894864082336, 0.8483326435089111, 0.9684537053108215]","[[129, 314, 250, 382], [10, 332, 65, 374], [13, 345, 166, 444]]"
487,"['car', 'car', 'car', 'car']","[0.9666960835456848, 0.9596953988075256, 0.7833401560783386, 0.8723025918006897]","[[15, 345, 175, 445], [135, 314, 257, 381], [757, 259, 786, 278], [11, 332, 66, 379]]"
488,"['car', 'car']","[0.9479079842567444, 0.9287517070770264]","[[31, 345, 180, 444], [184, 329, 266, 382]]"
489,"['car', 'car']","[0.9283063411712646, 0.9676773548126221]","[[150, 312, 274, 383], [38, 344, 194, 451]]"
490,"['car', 'car']","[0.9485131502151489, 0.9511705040931702]","[[19, 343, 201, 452], [152, 311, 284, 383]]"
491,"['car', 'car']","[0.9464941024780273, 0.9215766787528992]","[[40, 344, 209, 454], [158, 250, 359, 385]]"
492,"['car', 'car']","[0.9493560791015625, 0.9298641681671143]","[[166, 309, 305, 387], [44, 341, 225, 457]]"
493,"['car', 'car', 'car']","[0.9658418297767639, 0.9593409299850464, 0.9093692898750305]","[[54, 343, 229, 459], [212, 310, 316, 386], [15, 332, 82, 380]]"
494,"['car', 'car', 'car']","[0.9635977745056152, 0.9423601627349854, 0.9622092247009277]","[[60, 343, 233, 462], [15, 332, 85, 381], [181, 308, 325, 386]]"
495,"['car', 'car', 'car']","[0.9698294997215271, 0.9282830357551575, 0.9651868343353271]","[[62, 343, 246, 464], [14, 332, 88, 381], [212, 308, 337, 386]]"
496,"['car', 'car', 'car', 'car']","[0.9708446860313416, 0.791508674621582, 0.9489145874977112, 0.9330634474754333]","[[70, 342, 253, 467], [757, 259, 786, 278], [15, 332, 92, 381], [200, 313, 350, 390]]"
497,"['car', 'car', 'car', 'car']","[0.9632002115249634, 0.9403707981109619, 0.781470000743866, 0.9525153040885925]","[[75, 341, 264, 470], [206, 310, 362, 388], [757, 259, 786, 278], [14, 332, 94, 381]]"
498,"['car', 'car', 'car']","[0.9268441200256348, 0.935089647769928, 0.9036983847618103]","[[82, 314, 342, 473], [214, 308, 377, 390], [16, 331, 99, 381]]"
499,"['car', 'car', 'car', 'car']","[0.9656497240066528, 0.9627460837364197, 0.7870314717292786, 0.964425802230835]","[[88, 337, 293, 477], [218, 308, 392, 393], [757, 259, 786, 278], [18, 331, 104, 381]]"
500,"['car', 'car', 'car', 'car']","[0.9573646783828735, 0.9527335166931152, 0.7841295003890991, 0.9696561098098755]","[[96, 321, 321, 481], [229, 303, 407, 392], [757, 259, 786, 278], [23, 331, 110, 381]]"
501,"['car', 'car', 'car', 'car']","[0.9679977893829346, 0.9503154754638672, 0.7842430472373962, 0.968691885471344]","[[102, 335, 338, 484], [239, 305, 420, 392], [757, 259, 786, 278], [22, 331, 114, 382]]"
502,"['car', 'car', 'car']","[0.97139972448349, 0.9698715806007385, 0.964991569519043]","[[106, 334, 345, 489], [30, 330, 116, 381], [248, 304, 436, 393]]"
503,"['car', 'car', 'car']","[0.965047299861908, 0.973019003868103, 0.9586949944496155]","[[110, 334, 364, 492], [38, 330, 117, 381], [260, 304, 453, 395]]"
504,"['car', 'car', 'car']","[0.9700329899787903, 0.9745767116546631, 0.9688665270805359]","[[125, 333, 371, 496], [41, 330, 123, 381], [273, 300, 474, 400]]"
505,"['car', 'car', 'car', 'car']","[0.9725001454353333, 0.7899413108825684, 0.9715712666511536, 0.9744916558265686]","[[133, 340, 392, 500], [757, 259, 786, 278], [47, 330, 128, 382], [278, 300, 491, 403]]"
506,"['car', 'car', 'car']","[0.9724361300468445, 0.9577639102935791, 0.9737844467163086]","[[140, 337, 412, 506], [49, 333, 138, 382], [290, 299, 513, 403]]"
507,"['car', 'car', 'car']","[0.9703726768493652, 0.9765968918800354, 0.9710041880607605]","[[150, 342, 431, 510], [49, 330, 132, 377], [306, 299, 536, 408]]"
508,"['car', 'car', 'car']","[0.9712276458740234, 0.978229284286499, 0.9689738154411316]","[[157, 342, 455, 517], [52, 330, 139, 378], [319, 298, 558, 408]]"
509,"['car', 'car', 'car']","[0.972705066204071, 0.9777364730834961, 0.9333861470222473]","[[170, 339, 480, 523], [57, 330, 141, 378], [333, 299, 586, 409]]"
510,"['car', 'car', 'car', 'car']","[0.9757164120674133, 0.9709479212760925, 0.7768458724021912, 0.9648085236549377]","[[181, 339, 506, 530], [62, 330, 151, 379], [389, 274, 548, 334], [348, 305, 609, 415]]"
511,"['car', 'car', 'car']","[0.9746748208999634, 0.9770812392234802, 0.9645408987998962]","[[191, 339, 538, 536], [68, 329, 151, 380], [363, 297, 641, 416]]"
512,"['car', 'car', 'car', 'car', 'car']","[0.9744811654090881, 0.9168028831481934, 0.7978422045707703, 0.9695266485214233, 0.8718181252479553]","[[204, 341, 570, 544], [386, 314, 673, 420], [401, 276, 538, 326], [71, 329, 157, 379], [380, 306, 524, 354]]"
513,"['car', 'car', 'car']","[0.9536775350570679, 0.9734209179878235, 0.9763517379760742]","[[407, 294, 701, 423], [217, 342, 599, 551], [72, 326, 160, 381]]"
514,"['car', 'car', 'car']","[0.9685893058776855, 0.9799580574035645, 0.9731904864311218]","[[427, 293, 734, 429], [75, 325, 166, 381], [232, 338, 637, 561]]"
515,"['car', 'car', 'car']","[0.9789488315582275, 0.9704218506813049, 0.9711374640464783]","[[78, 325, 173, 382], [447, 294, 768, 434], [247, 338, 677, 572]]"
516,"['car', 'car', 'car']","[0.9796881675720215, 0.9691717624664307, 0.9714149832725525]","[[82, 325, 178, 383], [467, 294, 802, 434], [263, 338, 719, 583]]"
517,"['car', 'car', 'car']","[0.9740463495254517, 0.9671716690063477, 0.9709952473640442]","[[86, 326, 184, 383], [490, 294, 840, 441], [283, 337, 766, 594]]"
518,"['car', 'car', 'car']","[0.9811050891876221, 0.9647558927536011, 0.9709239602088928]","[[93, 324, 187, 386], [510, 293, 880, 446], [304, 335, 813, 605]]"
519,"['car', 'car', 'car']","[0.9814863801002502, 0.9688642024993896, 0.9690223932266235]","[[96, 324, 194, 387], [548, 293, 922, 454], [326, 333, 864, 619]]"
520,"['car', 'car', 'car']","[0.983159601688385, 0.9681808948516846, 0.9708666205406189]","[[98, 324, 198, 386], [577, 291, 968, 459], [349, 334, 921, 632]]"
521,"['car', 'car', 'car']","[0.9795460104942322, 0.9670370817184448, 0.9717418551445007]","[[101, 323, 206, 386], [610, 294, 1015, 467], [374, 338, 978, 647]]"
522,"['car', 'car', 'car']","[0.9813942909240723, 0.9702391028404236, 0.9661334156990051]","[[104, 322, 213, 385], [644, 298, 1063, 475], [402, 340, 1040, 662]]"
523,"['car', 'car', 'car']","[0.9820014238357544, 0.9647494554519653, 0.9618632793426514]","[[107, 322, 219, 385], [679, 299, 1114, 485], [432, 341, 1102, 678]]"
524,"['car', 'car', 'car']","[0.980495274066925, 0.9539632797241211, 0.9612606167793274]","[[112, 321, 226, 382], [705, 302, 1158, 494], [465, 342, 1159, 695]]"
525,"['car', 'car']","[0.9813668131828308, 0.9625899195671082]","[[116, 322, 232, 382], [504, 308, 1228, 715]]"
526,"['car', 'car', 'car']","[0.979472815990448, 0.8038097023963928, 0.9379578232765198]","[[120, 322, 240, 387], [802, 306, 1293, 594], [544, 342, 1301, 732]]"
527,"['car', 'car', 'car']","[0.980169415473938, 0.8371452689170837, 0.9393886923789978]","[[126, 319, 249, 387], [801, 315, 1322, 520], [588, 350, 1361, 751]]"
528,"['car', 'car', 'car']","[0.98135906457901, 0.7722759246826172, 0.9408178329467773]","[[131, 319, 258, 388], [894, 314, 1374, 517], [610, 333, 1423, 771]]"
529,"['car', 'car']","[0.9790316224098206, 0.9644883871078491]","[[137, 318, 264, 390], [689, 325, 1430, 790]]"
530,"['car', 'car']","[0.9814012050628662, 0.9536206126213074]","[[141, 318, 274, 392], [749, 366, 1431, 807]]"
531,"['car', 'car', 'car']","[0.9812476634979248, 0.8426660895347595, 0.9436221718788147]","[[148, 318, 284, 393], [999, 340, 1429, 519], [827, 381, 1430, 737]]"
532,"['car', 'car']","[0.9805081486701965, 0.9253027439117432]","[[153, 318, 293, 393], [880, 395, 1431, 780]]"
533,"['car', 'car']","[0.9805288314819336, 0.957980215549469]","[[159, 317, 304, 392], [957, 371, 1433, 785]]"
534,"['car', 'car']","[0.9808663129806519, 0.9566893577575684]","[[167, 314, 315, 395], [1025, 399, 1433, 783]]"
535,"['car', 'car']","[0.9808538556098938, 0.9671598076820374]","[[174, 312, 327, 396], [1107, 423, 1436, 781]]"
536,"['car', 'car']","[0.9803661704063416, 0.928176999092102]","[[182, 313, 338, 398], [1182, 467, 1435, 794]]"
537,"['car', 'car']","[0.9790068864822388, 0.9566803574562073]","[[189, 311, 352, 398], [1255, 403, 1435, 811]]"
538,"['car', 'car']","[0.9791353940963745, 0.8929516673088074]","[[196, 310, 365, 399], [1326, 427, 1433, 686]]"
539,"['car', 'car']","[0.9807460308074951, 0.7592498660087585]","[[206, 312, 378, 400], [1402, 505, 1428, 705]]"
540,['car'],[0.9811031818389893],"[[213, 309, 393, 399]]"
541,['car'],[0.9821556210517883],"[[223, 310, 407, 401]]"
542,['car'],[0.9829503297805786],"[[233, 309, 423, 404]]"
543,['car'],[0.982457160949707],"[[242, 309, 439, 403]]"
544,['car'],[0.9825903177261353],"[[251, 310, 456, 404]]"
545,['car'],[0.9817062020301819],"[[263, 307, 473, 410]]"
546,['car'],[0.9806507229804993],"[[274, 306, 492, 412]]"
547,['car'],[0.9810878038406372],"[[286, 306, 512, 408]]"
548,['car'],[0.9824086427688599],"[[299, 305, 532, 410]]"
549,['car'],[0.9824829697608948],"[[311, 306, 555, 413]]"
550,['car'],[0.9807727932929993],"[[325, 306, 577, 416]]"
551,['car'],[0.9809420108795166],"[[339, 306, 603, 420]]"
552,['car'],[0.9813738465309143],"[[354, 305, 629, 421]]"
553,['car'],[0.9822031855583191],"[[370, 303, 657, 426]]"
554,['car'],[0.9821149110794067],"[[387, 302, 686, 430]]"
555,['car'],[0.980848491191864],"[[406, 302, 716, 435]]"
556,['car'],[0.980893611907959],"[[426, 301, 748, 436]]"
557,['car'],[0.9813502430915833],"[[447, 301, 782, 440]]"
558,['car'],[0.9812449216842651],"[[469, 301, 817, 446]]"
559,['car'],[0.9805657863616943],"[[492, 302, 856, 455]]"
560,['car'],[0.9800236821174622],"[[517, 303, 894, 460]]"
561,['car'],[0.9806075692176819],"[[543, 305, 933, 466]]"
562,['car'],[0.9803758859634399],"[[570, 306, 975, 469]]"
563,['car'],[0.979535698890686],"[[600, 307, 1018, 473]]"
564,['car'],[0.9799794554710388],"[[631, 308, 1062, 482]]"
565,['car'],[0.9807316660881042],"[[663, 309, 1110, 486]]"
566,['car'],[0.9809881448745728],"[[698, 311, 1153, 494]]"
567,['car'],[0.9802200794219971],"[[734, 313, 1200, 514]]"
568,['car'],[0.9804890751838684],"[[774, 319, 1248, 523]]"
569,['car'],[0.9769843816757202],"[[815, 320, 1296, 532]]"
570,['car'],[0.9766315817832947],"[[858, 324, 1345, 539]]"
571,['car'],[0.9790772199630737],"[[904, 328, 1393, 554]]"
572,['car'],[0.9755816459655762],"[[951, 333, 1428, 568]]"
573,['car'],[0.9765937328338623],"[[999, 340, 1429, 577]]"
574,['car'],[0.9782301783561707],"[[1050, 345, 1429, 555]]"
575,['car'],[0.977523922920227],"[[1100, 352, 1431, 544]]"
576,['car'],[0.9731028079986572],"[[1155, 358, 1430, 544]]"
577,['car'],[0.9489814043045044],"[[1206, 364, 1432, 555]]"
578,"['truck', 'car']","[0.7800878882408142, 0.9233250021934509]","[[1259, 375, 1432, 566], [1259, 375, 1433, 567]]"
579,['car'],[0.9346644282341003],"[[1313, 386, 1430, 575]]"
580,['car'],[0.9581746459007263],"[[1361, 403, 1429, 514]]"
581,[],[],[]
582,[],[],[]
583,[],[],[]
584,[],[],[]
585,[],[],[]
586,[],[],[]
587,[],[],[]
588,[],[],[]
589,[],[],[]
590,['car'],[0.859101414680481],"[[7, 345, 31, 393]]"
591,['car'],[0.9279054999351501],"[[7, 332, 31, 392]]"
592,['car'],[0.90529865026474],"[[7, 333, 32, 393]]"
593,['car'],[0.9357832670211792],"[[7, 338, 32, 393]]"
594,['car'],[0.9284542798995972],"[[7, 341, 38, 397]]"
595,['car'],[0.928996741771698],"[[8, 351, 39, 396]]"
596,['car'],[0.9385482668876648],"[[8, 353, 43, 399]]"
597,['car'],[0.9557122588157654],"[[7, 351, 43, 398]]"
598,['car'],[0.953076958656311],"[[7, 351, 43, 398]]"
599,['car'],[0.942901611328125],"[[7, 349, 46, 397]]"
600,['car'],[0.9561073184013367],"[[7, 352, 51, 398]]"
601,['car'],[0.9559776186943054],"[[8, 351, 51, 396]]"
602,['car'],[0.9387844204902649],"[[8, 349, 54, 400]]"
603,['car'],[0.9549510478973389],"[[7, 320, 58, 403]]"
604,['car'],[0.9510423541069031],"[[6, 322, 59, 407]]"
605,['car'],[0.9385190010070801],"[[5, 320, 62, 408]]"
606,['car'],[0.9316043853759766],"[[6, 319, 64, 408]]"
607,['car'],[0.9233118891716003],"[[6, 318, 65, 405]]"
608,['car'],[0.9509080648422241],"[[5, 316, 69, 408]]"
609,['car'],[0.9561177492141724],"[[7, 315, 70, 410]]"
610,"['truck', 'car']","[0.8159428834915161, 0.9332387447357178]","[[7, 314, 73, 410], [7, 314, 73, 410]]"
611,"['truck', 'car']","[0.7905111312866211, 0.9370202422142029]","[[7, 313, 75, 409], [7, 314, 75, 409]]"
612,['car'],[0.9539742469787598],"[[7, 313, 79, 406]]"
613,"['truck', 'car']","[0.7996436357498169, 0.938565194606781]","[[7, 313, 81, 405], [7, 314, 81, 405]]"
614,"['truck', 'car']","[0.8079049587249756, 0.938770592212677]","[[7, 314, 85, 405], [7, 314, 85, 405]]"
615,"['truck', 'car']","[0.915515124797821, 0.8767421245574951]","[[7, 310, 86, 406], [7, 310, 86, 406]]"
616,"['truck', 'car']","[0.912194013595581, 0.8714776635169983]","[[8, 309, 91, 410], [8, 309, 91, 409]]"
617,"['truck', 'car']","[0.9383068084716797, 0.8127747774124146]","[[8, 309, 95, 413], [7, 309, 95, 413]]"
618,['truck'],[0.9511159658432007],"[[7, 309, 97, 414]]"
619,['truck'],[0.9500064253807068],"[[8, 308, 101, 415]]"
620,"['truck', 'car']","[0.9476897716522217, 0.7980931997299194]","[[8, 309, 105, 416], [8, 310, 104, 416]]"
621,['truck'],[0.9618035554885864],"[[9, 308, 108, 415]]"
622,['truck'],[0.9724384546279907],"[[8, 305, 114, 419]]"
623,['truck'],[0.9759319424629211],"[[9, 304, 117, 421]]"
624,['truck'],[0.9735782742500305],"[[8, 303, 120, 421]]"
625,['truck'],[0.9664651155471802],"[[10, 304, 124, 423]]"
626,['truck'],[0.9611510634422302],"[[10, 304, 128, 431]]"
627,['truck'],[0.9679379463195801],"[[10, 300, 131, 424]]"
628,['truck'],[0.9683259129524231],"[[9, 301, 135, 423]]"
629,['truck'],[0.9650818705558777],"[[10, 301, 139, 425]]"
630,['truck'],[0.9686938524246216],"[[11, 300, 144, 426]]"
631,['truck'],[0.9720802903175354],"[[8, 299, 150, 426]]"
632,['truck'],[0.9640356302261353],"[[8, 299, 155, 428]]"
633,['truck'],[0.971849799156189],"[[8, 298, 158, 431]]"
634,['truck'],[0.9716930985450745],"[[8, 298, 164, 432]]"
635,['truck'],[0.9723834991455078],"[[8, 298, 168, 432]]"
636,['truck'],[0.9716286063194275],"[[8, 295, 176, 433]]"
637,['truck'],[0.967814564704895],"[[8, 294, 181, 432]]"
638,['truck'],[0.9732721447944641],"[[8, 294, 189, 433]]"
639,['truck'],[0.9762996435165405],"[[8, 292, 194, 436]]"
640,['truck'],[0.9749380350112915],"[[8, 292, 200, 436]]"
641,['truck'],[0.973588228225708],"[[9, 290, 210, 438]]"
642,['truck'],[0.9686582684516907],"[[10, 290, 216, 436]]"
643,['truck'],[0.972558319568634],"[[10, 290, 227, 437]]"
644,['truck'],[0.9705724120140076],"[[10, 288, 231, 439]]"
645,['truck'],[0.9674500823020935],"[[10, 286, 246, 445]]"
646,['truck'],[0.9717200398445129],"[[8, 285, 253, 446]]"
647,['truck'],[0.9697349667549133],"[[8, 283, 260, 449]]"
648,['truck'],[0.9726048111915588],"[[8, 280, 270, 455]]"
649,['truck'],[0.9712225794792175],"[[7, 280, 280, 458]]"
650,['truck'],[0.9703464508056641],"[[13, 280, 291, 459]]"
651,['truck'],[0.9717807173728943],"[[25, 280, 300, 462]]"
652,['truck'],[0.9722716808319092],"[[25, 279, 310, 463]]"
653,['truck'],[0.9718884825706482],"[[36, 278, 322, 461]]"
654,['truck'],[0.9713217616081238],"[[39, 275, 333, 467]]"
655,['truck'],[0.9683762192726135],"[[42, 272, 346, 463]]"
656,['truck'],[0.9690737128257751],"[[45, 268, 359, 468]]"
657,"['truck', 'car']","[0.9669938087463379, 0.8664237260818481]","[[53, 268, 374, 479], [6, 346, 52, 401]]"
658,"['truck', 'car']","[0.9724790453910828, 0.8139788508415222]","[[56, 267, 389, 485], [7, 310, 54, 402]]"
659,"['truck', 'car']","[0.9719272255897522, 0.8542812466621399]","[[59, 266, 404, 488], [8, 341, 54, 403]]"
660,"['truck', 'car']","[0.9682563543319702, 0.7918121814727783]","[[65, 263, 420, 493], [8, 299, 54, 404]]"
661,"['truck', 'car', 'car']","[0.9693206548690796, 0.7991793155670166, 0.7782312631607056]","[[71, 259, 440, 497], [7, 328, 58, 404], [7, 365, 57, 404]]"
662,"['truck', 'car']","[0.9692004323005676, 0.829677939414978]","[[76, 261, 450, 500], [8, 364, 59, 406]]"
663,"['truck', 'car']","[0.9720656871795654, 0.8585313558578491]","[[84, 253, 472, 503], [7, 338, 64, 408]]"
664,['truck'],[0.9722356200218201],"[[88, 256, 491, 507]]"
665,"['truck', 'car']","[0.9717394709587097, 0.8100830316543579]","[[88, 251, 512, 511], [8, 340, 70, 409]]"
666,"['truck', 'truck']","[0.970848560333252, 0.8916528224945068]","[[91, 250, 535, 515], [7, 290, 73, 411]]"
667,"['truck', 'truck']","[0.9692893028259277, 0.9254878759384155]","[[85, 250, 558, 521], [7, 291, 71, 411]]"
668,"['truck', 'truck']","[0.9711614847183228, 0.8833070397377014]","[[104, 248, 585, 525], [8, 290, 74, 410]]"
669,"['truck', 'truck']","[0.9708890914916992, 0.9351295232772827]","[[110, 247, 610, 534], [8, 290, 77, 412]]"
670,"['truck', 'truck']","[0.9701514840126038, 0.9276931881904602]","[[121, 243, 637, 538], [7, 290, 79, 414]]"
671,"['truck', 'car']","[0.9705498218536377, 0.8955323100090027]","[[133, 241, 668, 546], [8, 340, 81, 413]]"
672,"['truck', 'truck']","[0.9656213521957397, 0.8659875392913818]","[[145, 238, 700, 555], [8, 287, 86, 413]]"
673,"['truck', 'truck']","[0.9740612506866455, 0.9516690373420715]","[[149, 237, 732, 565], [8, 286, 90, 414]]"
674,"['truck', 'truck']","[0.9743757843971252, 0.9306968450546265]","[[156, 235, 763, 573], [7, 286, 94, 414]]"
675,"['truck', 'truck']","[0.971884548664093, 0.908528745174408]","[[167, 241, 801, 582], [8, 285, 94, 416]]"
676,"['truck', 'truck']","[0.973031759262085, 0.9329189658164978]","[[179, 239, 836, 593], [8, 285, 97, 418]]"
677,"['truck', 'car', 'truck']","[0.9756664037704468, 0.9699355363845825, 0.7857981324195862]","[[190, 232, 874, 603], [10, 347, 103, 419], [8, 283, 99, 363]]"
678,"['truck', 'car']","[0.9767246842384338, 0.9645633101463318]","[[201, 230, 915, 615], [11, 348, 105, 421]]"
679,"['truck', 'car']","[0.9768751859664917, 0.9668219089508057]","[[212, 229, 959, 627], [10, 342, 109, 419]]"
680,"['truck', 'truck']","[0.9744646549224854, 0.8728582262992859]","[[223, 228, 1003, 642], [9, 280, 114, 420]]"
681,"['truck', 'truck']","[0.978157103061676, 0.9308398962020874]","[[237, 225, 1050, 651], [8, 280, 118, 422]]"
682,"['truck', 'truck']","[0.9784042835235596, 0.922782838344574]","[[246, 224, 1094, 659], [9, 287, 125, 423]]"
683,"['truck', 'car', 'truck']","[0.9778455495834351, 0.9029409885406494, 0.9053038954734802]","[[269, 219, 1143, 672], [13, 335, 127, 423], [9, 290, 127, 422]]"
684,"['truck', 'truck']","[0.9799865484237671, 0.9394677877426147]","[[287, 217, 1194, 690], [9, 291, 129, 423]]"
685,"['truck', 'truck']","[0.9798617362976074, 0.9388928413391113]","[[303, 218, 1244, 704], [10, 288, 134, 424]]"
686,"['truck', 'truck']","[0.9793089628219604, 0.9636452794075012]","[[323, 218, 1297, 720], [8, 287, 140, 426]]"
687,"['truck', 'truck']","[0.9745826721191406, 0.9722458124160767]","[[340, 216, 1355, 733], [19, 269, 144, 429]]"
688,"['truck', 'truck']","[0.9771462678909302, 0.971741259098053]","[[363, 218, 1402, 747], [19, 270, 149, 429]]"
689,"['truck', 'truck']","[0.9723044633865356, 0.9673927426338196]","[[387, 220, 1428, 764], [18, 269, 156, 430]]"
690,"['truck', 'truck', 'truck', 'truck']","[0.9735737442970276, 0.8395189642906189, 0.8010613322257996, 0.7895248532295227]","[[411, 219, 1428, 783], [39, 346, 160, 431], [13, 267, 166, 384], [14, 267, 166, 431]]"
691,"['truck', 'truck']","[0.9738979339599609, 0.9532817006111145]","[[441, 216, 1430, 776], [22, 269, 164, 431]]"
692,"['truck', 'truck']","[0.9751315116882324, 0.9009982943534851]","[[471, 215, 1431, 728], [31, 266, 171, 433]]"
693,"['truck', 'truck']","[0.9734212160110474, 0.930260956287384]","[[503, 215, 1428, 731], [31, 266, 179, 433]]"
694,"['truck', 'car', 'truck']","[0.970323920249939, 0.8617172837257385, 0.9462917447090149]","[[538, 212, 1427, 724], [7, 366, 52, 398], [37, 265, 188, 434]]"
695,"['truck', 'car', 'truck']","[0.9733913540840149, 0.846295177936554, 0.8200119733810425]","[[578, 210, 1429, 740], [7, 367, 54, 398], [55, 347, 193, 436]]"
696,"['truck', 'car', 'truck']","[0.9745948910713196, 0.8634496331214905, 0.8851302862167358]","[[622, 210, 1430, 741], [7, 361, 57, 400], [42, 263, 194, 436]]"
697,"['truck', 'truck', 'car', 'car', 'truck']","[0.8591155409812927, 0.9753339290618896, 0.8785668015480042, 0.9257540702819824, 0.9496696591377258]","[[60, 347, 204, 438], [671, 207, 1429, 756], [60, 347, 204, 438], [7, 362, 57, 401], [45, 267, 197, 367]]"
698,"['truck', 'car', 'car', 'truck']","[0.9781966209411621, 0.9793298840522766, 0.9355303645133972, 0.9637117981910706]","[[719, 206, 1429, 770], [65, 348, 213, 439], [7, 363, 60, 403], [48, 265, 205, 366]]"
699,"['truck', 'truck', 'car', 'car', 'truck']","[0.8258084654808044, 0.9781681895256042, 0.9149245023727417, 0.933445394039154, 0.9630482792854309]","[[71, 346, 221, 441], [774, 210, 1429, 774], [71, 347, 221, 441], [7, 363, 54, 404], [52, 264, 211, 371]]"
700,"['truck', 'car', 'car', 'truck']","[0.9769258499145508, 0.9539320468902588, 0.9329575896263123, 0.9653691649436951]","[[830, 212, 1429, 773], [74, 347, 235, 444], [7, 362, 61, 407], [55, 259, 219, 369]]"
701,"['truck', 'car', 'truck', 'truck']","[0.9769543409347534, 0.9285102486610413, 0.8922653198242188, 0.9567152261734009]","[[893, 215, 1430, 754], [7, 363, 60, 407], [77, 343, 242, 445], [58, 257, 225, 368]]"
702,"['truck', 'truck', 'car', 'car', 'truck']","[0.8096002340316772, 0.9785491824150085, 0.9397155046463013, 0.957640528678894, 0.9643153548240662]","[[81, 344, 252, 446], [955, 221, 1430, 767], [81, 345, 252, 446], [7, 363, 57, 407], [63, 250, 237, 369]]"
703,"['truck', 'car', 'truck', 'truck']","[0.9655965566635132, 0.9483861327171326, 0.9167507290840149, 0.9663591384887695]","[[1021, 230, 1431, 780], [7, 352, 64, 407], [85, 343, 256, 447], [65, 249, 244, 366]]"
704,"['truck', 'car', 'truck']","[0.9309818744659424, 0.9567335844039917, 0.9661089181900024]","[[88, 343, 265, 450], [7, 352, 67, 408], [65, 248, 256, 363]]"
705,"['truck', 'car', 'car', 'truck']","[0.9121410250663757, 0.8369422554969788, 0.9667545557022095, 0.9665791392326355]","[[92, 342, 277, 453], [92, 343, 277, 452], [6, 351, 69, 409], [70, 243, 264, 364]]"
706,"['truck', 'car', 'car']","[0.9652373790740967, 0.9759912490844727, 0.9741181135177612]","[[76, 245, 274, 365], [97, 343, 286, 454], [7, 351, 67, 411]]"
707,"['truck', 'car', 'truck']","[0.9105840921401978, 0.9722063541412354, 0.9590979814529419]","[[105, 341, 294, 455], [7, 349, 68, 410], [80, 240, 284, 367]]"
708,"['car', 'car', 'truck', 'truck']","[0.7956333160400391, 0.9756814241409302, 0.8812164664268494, 0.9625338912010193]","[[110, 341, 310, 457], [7, 349, 68, 412], [109, 340, 310, 457], [84, 238, 290, 368]]"
709,"['car', 'car', 'truck']","[0.9548930525779724, 0.9808246493339539, 0.969749391078949]","[[114, 341, 317, 460], [7, 349, 69, 413], [87, 231, 302, 370]]"
710,"['truck', 'car', 'car']","[0.9729806184768677, 0.9785455465316772, 0.9784759283065796]","[[91, 228, 312, 370], [120, 341, 322, 462], [7, 349, 73, 416]]"
711,"['truck', 'car', 'car']","[0.973896861076355, 0.977331280708313, 0.9829014539718628]","[[95, 226, 324, 375], [124, 342, 333, 465], [8, 351, 75, 417]]"
712,"['car', 'car', 'truck']","[0.9385313987731934, 0.9810460209846497, 0.9685210585594177]","[[131, 341, 345, 468], [8, 350, 78, 417], [99, 222, 337, 379]]"
713,"['truck', 'car', 'car', 'truck']","[0.7937780022621155, 0.9490944743156433, 0.9801608324050903, 0.9704502820968628]","[[135, 340, 359, 470], [135, 342, 359, 470], [9, 351, 81, 418], [106, 220, 350, 376]]"
714,"['truck', 'car', 'truck', 'truck']","[0.9351259469985962, 0.9782021641731262, 0.7950887084007263, 0.8860371112823486]","[[113, 219, 370, 474], [8, 351, 84, 417], [145, 341, 370, 474], [111, 219, 365, 380]]"
715,"['car', 'truck', 'car', 'truck']","[0.9786805510520935, 0.8474912643432617, 0.8962716460227966, 0.9663521647453308]","[[8, 352, 89, 417], [152, 340, 383, 480], [152, 342, 383, 479], [118, 223, 380, 379]]"
716,"['truck', 'car', 'car', 'truck']","[0.8194255828857422, 0.9763844609260559, 0.9027203321456909, 0.9646355509757996]","[[161, 341, 399, 482], [7, 345, 94, 418], [161, 341, 399, 482], [124, 221, 397, 377]]"
717,"['car', 'car', 'truck']","[0.9044998288154602, 0.9771320819854736, 0.9593795537948608]","[[167, 340, 423, 485], [9, 350, 100, 420], [130, 221, 409, 374]]"
718,"['truck', 'car', 'car']","[0.9681577086448669, 0.9797182679176331, 0.9758002161979675]","[[136, 212, 423, 378], [175, 339, 439, 488], [9, 351, 101, 420]]"
719,"['truck', 'car', 'car', 'car']","[0.9731363654136658, 0.9792970418930054, 0.8072186708450317, 0.978685200214386]","[[144, 219, 438, 381], [184, 340, 462, 494], [7, 335, 47, 373], [10, 351, 100, 421]]"
720,"['car', 'car', 'car', 'truck']","[0.9778793454170227, 0.838969349861145, 0.9584757089614868, 0.9674525856971741]","[[10, 350, 98, 423], [7, 334, 52, 376], [193, 337, 482, 496], [151, 217, 456, 376]]"
721,"['car', 'car', 'truck', 'car', 'truck']","[0.9777997136116028, 0.847082257270813, 0.7867288589477539, 0.8538790345191956, 0.961228609085083]","[[10, 350, 102, 423], [7, 336, 52, 376], [200, 338, 501, 500], [200, 338, 500, 500], [158, 212, 472, 384]]"
722,"['car', 'truck', 'truck']","[0.9700099229812622, 0.881523847579956, 0.9603459239006042]","[[10, 347, 106, 423], [210, 338, 518, 505], [161, 211, 492, 387]]"
723,"['car', 'truck', 'car', 'truck']","[0.9640058875083923, 0.8031136989593506, 0.8458945751190186, 0.963980495929718]","[[10, 341, 111, 424], [220, 338, 538, 510], [220, 339, 538, 510], [175, 208, 517, 391]]"
724,"['truck', 'car', 'car']","[0.9661564230918884, 0.9700592756271362, 0.9779648780822754]","[[181, 196, 546, 394], [10, 347, 113, 424], [230, 340, 563, 517]]"
725,"['truck', 'car', 'car', 'car']","[0.9695754647254944, 0.974127471446991, 0.8866749405860901, 0.9800800085067749]","[[191, 190, 572, 395], [16, 350, 117, 426], [10, 336, 65, 394], [243, 339, 584, 521]]"
726,"['truck', 'car', 'car', 'car']","[0.9743235111236572, 0.9726870059967041, 0.8934742212295532, 0.9819839596748352]","[[202, 185, 599, 395], [15, 351, 124, 426], [10, 335, 73, 386], [256, 339, 605, 527]]"
727,"['truck', 'car', 'car', 'car']","[0.9739509224891663, 0.9783299565315247, 0.9426065683364868, 0.9822185039520264]","[[213, 181, 626, 402], [16, 351, 133, 429], [10, 334, 73, 384], [269, 339, 633, 533]]"
728,"['truck', 'car', 'car', 'car']","[0.969351589679718, 0.9768233299255371, 0.9238397479057312, 0.9824806451797485]","[[224, 181, 655, 405], [16, 351, 134, 430], [10, 332, 77, 404], [280, 339, 663, 542]]"
729,"['truck', 'car', 'car', 'car']","[0.9495431780815125, 0.9545312523841858, 0.7800133228302002, 0.9813255071640015]","[[236, 178, 683, 405], [11, 345, 139, 431], [9, 332, 84, 403], [295, 338, 695, 550]]"
730,"['truck', 'car', 'car', 'car']","[0.9100011587142944, 0.9709722995758057, 0.9150933027267456, 0.9819779396057129]","[[248, 175, 669, 371], [15, 351, 141, 431], [9, 332, 88, 410], [310, 343, 726, 558]]"
731,"['truck', 'car', 'car']","[0.9386904239654541, 0.957011878490448, 0.9808416962623596]","[[260, 173, 748, 417], [12, 352, 145, 432], [327, 343, 761, 565]]"
732,"['truck', 'car', 'car']","[0.9587591290473938, 0.9678053259849548, 0.9802302122116089]","[[262, 164, 775, 426], [11, 351, 151, 433], [342, 339, 798, 573]]"
733,"['truck', 'car', 'car']","[0.9469560980796814, 0.9650710225105286, 0.9802478551864624]","[[287, 159, 814, 430], [13, 352, 157, 434], [360, 342, 861, 583]]"
734,"['truck', 'car', 'car', 'car']","[0.9448516368865967, 0.9706767201423645, 0.8579348921775818, 0.9809620976448059]","[[298, 158, 854, 435], [16, 352, 162, 435], [10, 332, 103, 413], [378, 344, 872, 596]]"
735,"['truck', 'car', 'car', 'car']","[0.9559118747711182, 0.9733544588088989, 0.9081295132637024, 0.9806723594665527]","[[317, 154, 899, 445], [17, 353, 165, 437], [11, 332, 105, 398], [398, 342, 916, 607]]"
736,"['truck', 'car', 'car', 'car']","[0.9479761123657227, 0.9739885926246643, 0.9014818072319031, 0.9804883599281311]","[[335, 147, 948, 453], [17, 353, 169, 438], [12, 332, 109, 397], [421, 347, 960, 616]]"
737,"['truck', 'car', 'car', 'car']","[0.9454888105392456, 0.9753376245498657, 0.8901538252830505, 0.9813170433044434]","[[351, 148, 995, 453], [42, 352, 177, 440], [10, 331, 118, 416], [446, 345, 1006, 626]]"
738,"['truck', 'car', 'car', 'car']","[0.9548549652099609, 0.9768059849739075, 0.8937997817993164, 0.9820341467857361]","[[372, 145, 1034, 462], [50, 354, 186, 441], [11, 330, 124, 405], [470, 346, 1053, 638]]"
739,"['truck', 'car', 'car', 'car']","[0.9564991593360901, 0.9755148887634277, 0.8961563110351562, 0.9818399548530579]","[[392, 145, 1073, 468], [53, 354, 190, 442], [11, 330, 128, 408], [498, 346, 1101, 654]]"
740,"['truck', 'car', 'car', 'car']","[0.9365334510803223, 0.9754703640937805, 0.9092265963554382, 0.9804168343544006]","[[413, 140, 1130, 473], [56, 354, 196, 445], [13, 330, 134, 377], [527, 348, 1151, 670]]"
741,"['truck', 'car', 'car', 'car']","[0.9530017971992493, 0.9731740951538086, 0.8971145153045654, 0.9818592071533203]","[[437, 136, 1202, 484], [60, 354, 198, 446], [15, 329, 134, 375], [558, 351, 1205, 684]]"
742,"['truck', 'car', 'car', 'car']","[0.9590626955032349, 0.9705014824867249, 0.8167323470115662, 0.9792700409889221]","[[464, 134, 1196, 485], [61, 352, 220, 447], [16, 330, 148, 377], [591, 356, 1253, 697]]"
743,"['truck', 'car', 'car', 'car']","[0.9554086923599243, 0.9724140763282776, 0.8328458666801453, 0.9802730083465576]","[[493, 133, 1277, 499], [64, 352, 233, 450], [14, 330, 144, 377], [624, 359, 1308, 711]]"
744,"['truck', 'car', 'car', 'car']","[0.9527297616004944, 0.9742419123649597, 0.9815059900283813, 0.8340269327163696]","[[523, 131, 1313, 509], [70, 351, 233, 451], [663, 365, 1360, 727], [67, 329, 139, 355]]"
745,"['truck', 'car', 'car']","[0.956657886505127, 0.9756793975830078, 0.9757286906242371]","[[554, 130, 1370, 494], [74, 349, 230, 453], [704, 369, 1409, 745]]"
746,"['truck', 'car', 'car', 'car']","[0.9291619658470154, 0.976567804813385, 0.8982222080230713, 0.9748713374137878]","[[583, 130, 1426, 517], [77, 350, 235, 455], [77, 330, 163, 379], [746, 374, 1429, 756]]"
747,"['truck', 'car', 'car', 'car', 'car']","[0.9536664485931396, 0.9784371852874756, 0.838005006313324, 0.8985323905944824, 0.975970983505249]","[[624, 130, 1429, 519], [80, 352, 242, 458], [78, 325, 149, 364], [78, 326, 170, 387], [790, 377, 1429, 774]]"
748,"['truck', 'car', 'car', 'car']","[0.9444555640220642, 0.9782885313034058, 0.9380393624305725, 0.9731229543685913]","[[659, 131, 1378, 459], [83, 351, 254, 460], [81, 325, 176, 385], [841, 380, 1431, 781]]"
749,"['truck', 'car', 'car', 'car']","[0.9497326612472534, 0.974212110042572, 0.9004465937614441, 0.9785488247871399]","[[700, 131, 1419, 468], [88, 351, 261, 462], [87, 325, 180, 388], [891, 382, 1431, 751]]"
750,"['truck', 'car', 'car', 'car']","[0.9026742577552795, 0.9782068729400635, 0.9399158954620361, 0.9804810881614685]","[[748, 131, 1421, 457], [95, 351, 274, 463], [88, 325, 184, 382], [948, 388, 1429, 752]]"
751,"['truck', 'car', 'car', 'car']","[0.9620746970176697, 0.9774343371391296, 0.9097979068756104, 0.9771752953529358]","[[798, 128, 1424, 426], [101, 350, 281, 467], [91, 325, 193, 383], [1005, 399, 1430, 752]]"
752,"['truck', 'car', 'car', 'car']","[0.9711716771125793, 0.979570746421814, 0.9290487766265869, 0.9739953875541687]","[[843, 126, 1423, 437], [105, 352, 289, 468], [100, 325, 200, 385], [1064, 410, 1432, 751]]"
753,"['truck', 'car', 'car', 'car', 'car']","[0.9738277792930603, 0.979275643825531, 0.7758224606513977, 0.9289792776107788, 0.9607200622558594]","[[897, 126, 1429, 449], [110, 352, 297, 470], [306, 238, 412, 316], [103, 324, 210, 385], [1119, 417, 1431, 750]]"
754,"['truck', 'car', 'car', 'truck', 'car', 'truck']","[0.887153148651123, 0.9797194600105286, 0.9456242322921753, 0.8689751625061035, 0.7884340286254883, 0.8412072658538818]","[[951, 125, 1433, 752], [116, 355, 309, 473], [108, 320, 222, 391], [1181, 424, 1430, 751], [107, 319, 192, 365], [950, 126, 1430, 456]]"
755,"['truck', 'car', 'car']","[0.9507527947425842, 0.9794661998748779, 0.9343277812004089]","[[1012, 124, 1432, 766], [120, 355, 321, 476], [117, 320, 226, 388]]"
756,"['truck', 'car', 'car', 'car']","[0.876478910446167, 0.9775821566581726, 0.9200121760368347, 0.7896457314491272]","[[1073, 126, 1433, 777], [125, 350, 335, 478], [120, 320, 235, 390], [1304, 450, 1433, 781]]"
757,"['car', 'car']","[0.9775189757347107, 0.9247404336929321]","[[134, 349, 348, 482], [131, 319, 245, 387]]"
758,"['truck', 'car', 'car']","[0.8198797702789307, 0.9787607192993164, 0.9410345554351807]","[[1198, 134, 1433, 496], [141, 351, 358, 484], [135, 319, 247, 385]]"
759,"['truck', 'car', 'car']","[0.9472352862358093, 0.9804959893226624, 0.9579706192016602]","[[1261, 143, 1432, 496], [147, 352, 374, 487], [140, 318, 261, 388]]"
760,"['truck', 'car', 'car']","[0.9639015197753906, 0.9807253479957581, 0.9568958878517151]","[[1331, 151, 1431, 506], [153, 352, 388, 492], [146, 317, 272, 387]]"
761,"['car', 'car']","[0.9812996983528137, 0.9611564874649048]","[[162, 352, 403, 495], [146, 317, 286, 385]]"
762,"['car', 'car', 'car']","[0.9801865220069885, 0.956817626953125, 0.8533943891525269]","[[169, 354, 423, 499], [160, 318, 300, 386], [7, 368, 27, 392]]"
763,"['car', 'car', 'car']","[0.9786217212677002, 0.9551836252212524, 0.8750248551368713]","[[177, 352, 441, 503], [166, 316, 313, 387], [7, 367, 26, 394]]"
764,"['car', 'car', 'car']","[0.9533755779266357, 0.9068456292152405, 0.9820601940155029]","[[178, 314, 330, 387], [7, 367, 27, 393], [187, 354, 457, 507]]"
765,"['car', 'car', 'car']","[0.9803186058998108, 0.9597497582435608, 0.9232130646705627]","[[195, 352, 478, 512], [187, 315, 343, 386], [7, 365, 29, 394]]"
766,"['car', 'car', 'car']","[0.9640290141105652, 0.8871595859527588, 0.9812337756156921]","[[197, 315, 354, 387], [7, 364, 29, 397], [204, 351, 498, 517]]"
767,"['car', 'car', 'car']","[0.9620429277420044, 0.8586201071739197, 0.9804418683052063]","[[206, 313, 373, 388], [7, 364, 38, 398], [215, 353, 520, 523]]"
768,"['car', 'car', 'car']","[0.9659692645072937, 0.8860592246055603, 0.9796357154846191]","[[216, 313, 384, 388], [8, 352, 33, 397], [226, 352, 545, 527]]"
769,"['car', 'car', 'car']","[0.9391065239906311, 0.8646665811538696, 0.9728996753692627]","[[228, 313, 406, 394], [8, 361, 38, 397], [237, 350, 569, 533]]"
770,"['car', 'car', 'car']","[0.9579784274101257, 0.9168919324874878, 0.9787969589233398]","[[239, 311, 424, 394], [7, 363, 42, 397], [248, 351, 595, 540]]"
771,"['car', 'car', 'car']","[0.9361931085586548, 0.9233364462852478, 0.9774946570396423]","[[251, 310, 440, 396], [7, 365, 43, 398], [261, 348, 622, 549]]"
772,"['car', 'car', 'car']","[0.8078241348266602, 0.9125886559486389, 0.9469897747039795]","[[264, 310, 465, 398], [7, 363, 44, 398], [275, 320, 652, 556]]"
773,"['car', 'car']","[0.8992210030555725, 0.9516931176185608]","[[8, 361, 44, 398], [288, 313, 683, 563]]"
774,"['car', 'car']","[0.9126645922660828, 0.9798262119293213]","[[9, 367, 48, 399], [293, 310, 713, 570]]"
775,"['car', 'car', 'car']","[0.9000864624977112, 0.9628084897994995, 0.9805605411529541]","[[7, 337, 49, 399], [307, 308, 527, 400], [320, 349, 749, 581]]"
776,"['car', 'car', 'car']","[0.9007932543754578, 0.9704495072364807, 0.9813838005065918]","[[7, 333, 48, 402], [324, 307, 554, 401], [337, 351, 785, 591]]"
777,"['truck', 'car', 'car', 'car']","[0.8601555228233337, 0.9745464324951172, 0.8110322952270508, 0.982218861579895]","[[6, 286, 49, 402], [339, 304, 591, 410], [5, 286, 49, 402], [353, 364, 825, 603]]"
778,"['truck', 'car', 'car', 'car']","[0.8824528455734253, 0.8168694972991943, 0.9594680666923523, 0.9806003570556641]","[[6, 285, 51, 402], [6, 285, 51, 402], [358, 303, 619, 413], [373, 362, 864, 612]]"
779,"['truck', 'car', 'car', 'car']","[0.8601601123809814, 0.8136467933654785, 0.9662263989448547, 0.982597291469574]","[[5, 285, 56, 403], [5, 285, 55, 403], [377, 300, 650, 416], [395, 360, 907, 625]]"
780,"['truck', 'car', 'car', 'car']","[0.890428364276886, 0.8065020442008972, 0.9722759127616882, 0.9829031825065613]","[[4, 285, 58, 404], [5, 286, 58, 404], [398, 306, 688, 415], [417, 366, 951, 639]]"
781,"['truck', 'car', 'car', 'car']","[0.8535947799682617, 0.846289336681366, 0.9699951410293579, 0.9821431040763855]","[[0, 285, 60, 405], [3, 286, 60, 405], [421, 306, 721, 420], [440, 365, 997, 651]]"
782,"['truck', 'car', 'car']","[0.9190700054168701, 0.9760233759880066, 0.9825684428215027]","[[0, 284, 61, 408], [446, 305, 764, 421], [466, 377, 1046, 663]]"
783,"['truck', 'car', 'car']","[0.9124921560287476, 0.9730759263038635, 0.9814193248748779]","[[2, 282, 66, 408], [471, 305, 801, 426], [494, 381, 1095, 678]]"
784,"['truck', 'car', 'car', 'car']","[0.897767186164856, 0.7800639271736145, 0.9720252156257629, 0.9819765090942383]","[[0, 281, 67, 411], [0, 282, 66, 410], [498, 305, 845, 429], [525, 384, 1145, 692]]"
785,"['car', 'truck', 'car']","[0.9755114912986755, 0.9255983829498291, 0.9823165535926819]","[[527, 309, 894, 436], [0, 281, 69, 413], [557, 391, 1199, 708]]"
786,"['truck', 'car', 'car']","[0.9403088688850403, 0.9739325046539307, 0.9819441437721252]","[[0, 279, 71, 413], [558, 310, 944, 437], [590, 395, 1249, 723]]"
787,"['car', 'truck', 'car']","[0.9763921499252319, 0.944082498550415, 0.982630729675293]","[[589, 309, 992, 443], [0, 278, 71, 412], [627, 399, 1302, 741]]"
788,"['truck', 'car', 'car']","[0.9435137510299683, 0.9760554432868958, 0.9836981892585754]","[[0, 279, 74, 412], [624, 310, 1045, 449], [665, 403, 1352, 758]]"
789,"['car', 'truck', 'car']","[0.9711397886276245, 0.9391027688980103, 0.9827879667282104]","[[665, 312, 1102, 454], [0, 278, 77, 410], [708, 409, 1405, 769]]"
790,"['truck', 'car', 'car']","[0.9209464192390442, 0.9700549840927124, 0.984082818031311]","[[3, 278, 79, 410], [709, 316, 1159, 459], [752, 414, 1428, 785]]"
791,"['truck', 'car', 'car']","[0.9492165446281433, 0.9644740223884583, 0.9829297065734863]","[[0, 275, 83, 413], [752, 318, 1215, 468], [800, 420, 1429, 795]]"
792,"['car', 'truck', 'car']","[0.9654486179351807, 0.9533880949020386, 0.9824821352958679]","[[794, 322, 1278, 479], [5, 276, 85, 411], [848, 427, 1432, 804]]"
793,"['car', 'truck', 'car']","[0.9569424986839294, 0.9485244750976562, 0.9832481741905212]","[[843, 327, 1334, 488], [5, 275, 88, 411], [901, 434, 1427, 777]]"
794,"['car', 'truck', 'car']","[0.9521653056144714, 0.9637958407402039, 0.9809455275535583]","[[896, 333, 1385, 496], [0, 274, 93, 412], [954, 441, 1430, 784]]"
795,"['truck', 'car', 'car']","[0.9717288613319397, 0.9697907567024231, 0.9798775911331177]","[[6, 271, 96, 414], [952, 336, 1360, 506], [1010, 450, 1436, 784]]"
796,"['truck', 'car', 'car']","[0.9620908498764038, 0.9745856523513794, 0.9807573556900024]","[[6, 270, 97, 414], [1010, 344, 1424, 517], [1068, 465, 1435, 784]]"
797,"['truck', 'car', 'car']","[0.9656137228012085, 0.9719302654266357, 0.9779804944992065]","[[7, 269, 100, 413], [1068, 355, 1427, 526], [1126, 476, 1435, 784]]"
798,"['truck', 'car', 'car']","[0.9660108089447021, 0.9722380638122559, 0.9758673906326294]","[[8, 270, 102, 414], [1131, 363, 1429, 538], [1185, 486, 1436, 783]]"
799,"['truck', 'car', 'car']","[0.9747538566589355, 0.9775978922843933, 0.9737563133239746]","[[8, 266, 105, 415], [1190, 372, 1430, 554], [1246, 506, 1434, 796]]"
800,"['truck', 'car', 'car']","[0.9705837965011597, 0.973408579826355, 0.9708792567253113]","[[7, 265, 108, 421], [1254, 391, 1431, 564], [1304, 535, 1432, 806]]"
801,"['truck', 'car', 'car']","[0.976125955581665, 0.9631646275520325, 0.9615830183029175]","[[7, 265, 112, 421], [1316, 409, 1431, 567], [1361, 569, 1434, 778]]"
802,"['truck', 'car', 'car']","[0.9739140272140503, 0.9437556266784668, 0.8534531593322754]","[[7, 264, 117, 422], [1373, 431, 1432, 553], [1405, 626, 1432, 737]]"
803,['truck'],[0.9754448533058167],"[[8, 262, 122, 421]]"
804,['truck'],[0.9774920344352722],"[[7, 262, 125, 422]]"
805,['truck'],[0.9701094627380371],"[[6, 262, 129, 421]]"
806,['truck'],[0.9780882596969604],"[[6, 259, 133, 423]]"
807,['truck'],[0.975381076335907],"[[8, 293, 141, 433]]"
808,['truck'],[0.9729328155517578],"[[7, 290, 146, 432]]"
809,['truck'],[0.9692831635475159],"[[8, 292, 149, 434]]"
810,['truck'],[0.9731326699256897],"[[7, 291, 153, 435]]"
811,['truck'],[0.9650167226791382],"[[7, 256, 158, 436]]"
812,['truck'],[0.9732713103294373],"[[7, 284, 162, 437]]"
813,['truck'],[0.9709669947624207],"[[7, 285, 165, 437]]"
814,['truck'],[0.9711924195289612],"[[7, 249, 171, 437]]"
815,['truck'],[0.9684414267539978],"[[7, 248, 177, 438]]"
816,['truck'],[0.9681422710418701],"[[7, 243, 182, 441]]"
817,['truck'],[0.9570798277854919],"[[7, 273, 189, 442]]"
818,['truck'],[0.9679204225540161],"[[7, 250, 196, 444]]"
819,['truck'],[0.9678888916969299],"[[7, 245, 202, 445]]"
820,['truck'],[0.9645854830741882],"[[7, 263, 210, 445]]"
821,['truck'],[0.9700889587402344],"[[7, 280, 217, 443]]"
822,['truck'],[0.9766977429389954],"[[7, 235, 223, 444]]"
823,['truck'],[0.9751870036125183],"[[7, 231, 229, 445]]"
824,['truck'],[0.9711635708808899],"[[7, 230, 236, 446]]"
825,['truck'],[0.9557315707206726],"[[7, 233, 243, 447]]"
826,['truck'],[0.9710435271263123],"[[7, 227, 252, 448]]"
827,['truck'],[0.9709107279777527],"[[7, 223, 259, 449]]"
828,['truck'],[0.9741877913475037],"[[7, 223, 269, 449]]"
829,['truck'],[0.9756900668144226],"[[8, 220, 280, 451]]"
830,['truck'],[0.9775059819221497],"[[7, 218, 292, 458]]"
831,['truck'],[0.9762482643127441],"[[8, 216, 301, 461]]"
832,['truck'],[0.9753490686416626],"[[8, 215, 312, 461]]"
833,['truck'],[0.9680911898612976],"[[9, 211, 320, 464]]"
834,['truck'],[0.9748376607894897],"[[9, 208, 334, 466]]"
835,['truck'],[0.978343665599823],"[[9, 205, 348, 469]]"
836,['truck'],[0.9721804857254028],"[[10, 202, 361, 470]]"
837,['truck'],[0.9682937860488892],"[[10, 200, 377, 482]]"
838,['truck'],[0.9732285737991333],"[[11, 195, 386, 483]]"
839,['truck'],[0.9764970541000366],"[[14, 193, 403, 486]]"
840,['truck'],[0.976110577583313],"[[16, 187, 424, 489]]"
841,['truck'],[0.9744429588317871],"[[18, 187, 436, 492]]"
842,['truck'],[0.9692407846450806],"[[12, 186, 453, 495]]"
843,['truck'],[0.973303496837616],"[[12, 187, 473, 497]]"
844,['truck'],[0.9745892286300659],"[[20, 183, 492, 501]]"
845,['truck'],[0.975284993648529],"[[31, 182, 513, 506]]"
846,['truck'],[0.97569739818573],"[[30, 180, 535, 513]]"
847,['truck'],[0.9712581634521484],"[[34, 176, 559, 518]]"
848,['truck'],[0.9713518023490906],"[[41, 174, 581, 525]]"
849,['truck'],[0.9654712080955505],"[[47, 174, 608, 532]]"
850,"['truck', 'car']","[0.975210428237915, 0.8306726217269897]","[[56, 165, 637, 537], [8, 357, 54, 405]]"
851,"['truck', 'car']","[0.9747175574302673, 0.8804681301116943]","[[59, 156, 665, 548], [7, 353, 52, 403]]"
852,"['truck', 'car']","[0.9732740521430969, 0.8649477362632751]","[[63, 151, 695, 559], [7, 355, 56, 405]]"
853,"['truck', 'car']","[0.9726823568344116, 0.8695884943008423]","[[67, 144, 727, 568], [7, 354, 53, 404]]"
854,"['truck', 'car']","[0.9778085947036743, 0.9041621685028076]","[[74, 141, 760, 576], [7, 350, 58, 404]]"
855,"['truck', 'car']","[0.9781692028045654, 0.9169430732727051]","[[78, 137, 794, 584], [7, 333, 68, 405]]"
856,"['truck', 'car']","[0.9759962558746338, 0.9042783379554749]","[[83, 136, 832, 592], [7, 332, 70, 409]]"
857,"['truck', 'car']","[0.9748453497886658, 0.9445248246192932]","[[93, 126, 871, 601], [7, 355, 85, 411]]"
858,"['truck', 'car']","[0.9771677851676941, 0.9024814367294312]","[[96, 125, 912, 611], [7, 352, 70, 410]]"
859,"['truck', 'car']","[0.9768111705780029, 0.9387310743331909]","[[98, 122, 955, 628], [7, 329, 67, 410]]"
860,"['truck', 'car']","[0.976972222328186, 0.9522643685340881]","[[102, 119, 999, 640], [7, 329, 73, 411]]"
861,"['truck', 'car']","[0.9776076078414917, 0.9412853121757507]","[[119, 113, 1045, 651], [7, 328, 72, 408]]"
862,"['truck', 'car']","[0.9764642119407654, 0.9613476395606995]","[[126, 107, 1090, 666], [7, 328, 70, 408]]"
863,"['truck', 'car', 'truck']","[0.9780264496803284, 0.882830798625946, 0.7830766439437866]","[[130, 89, 1140, 679], [7, 327, 74, 413], [7, 326, 74, 413]]"
864,"['truck', 'car', 'truck']","[0.9748538732528687, 0.8629289269447327, 0.831174373626709]","[[144, 85, 1188, 694], [7, 326, 75, 412], [7, 326, 75, 412]]"
865,"['truck', 'car']","[0.9710366725921631, 0.9066499471664429]","[[152, 79, 1241, 709], [7, 326, 79, 409]]"
866,"['truck', 'car', 'truck']","[0.9755051732063293, 0.8848360776901245, 0.8513976335525513]","[[158, 71, 1293, 722], [7, 326, 80, 413], [7, 326, 81, 413]]"
867,"['truck', 'car']","[0.9750437140464783, 0.93117356300354]","[[168, 69, 1342, 740], [7, 325, 95, 430]]"
868,"['truck', 'car']","[0.9773684144020081, 0.9415249824523926]","[[175, 68, 1393, 755], [7, 326, 96, 430]]"
869,"['truck', 'car']","[0.9773778915405273, 0.9400650262832642]","[[190, 68, 1427, 770], [7, 325, 97, 432]]"
870,"['truck', 'car']","[0.9779913425445557, 0.961452841758728]","[[205, 68, 1429, 793], [7, 325, 99, 430]]"
871,"['truck', 'car']","[0.9767971634864807, 0.9639518857002258]","[[216, 67, 1428, 800], [7, 325, 99, 435]]"
872,"['truck', 'car']","[0.9785407185554504, 0.9596165418624878]","[[227, 68, 1428, 812], [7, 322, 102, 434]]"
873,"['truck', 'car']","[0.9754984378814697, 0.9507625102996826]","[[248, 67, 1431, 827], [7, 321, 106, 436]]"
874,"['truck', 'car']","[0.973754346370697, 0.9021437764167786]","[[263, 68, 1425, 788], [8, 322, 111, 438]]"
875,"['truck', 'car', 'truck']","[0.9771199822425842, 0.8322502374649048, 0.864704966545105]","[[280, 68, 1426, 779], [8, 322, 113, 439], [7, 321, 114, 439]]"
876,"['truck', 'car']","[0.9803254008293152, 0.9557278156280518]","[[300, 72, 1429, 779], [8, 322, 119, 438]]"
877,"['truck', 'car']","[0.9797154068946838, 0.9186533093452454]","[[318, 70, 1430, 778], [9, 321, 130, 439]]"
878,"['truck', 'truck']","[0.9787634611129761, 0.895717203617096]","[[338, 71, 1430, 778], [9, 320, 134, 437]]"
879,"['truck', 'truck']","[0.9784459471702576, 0.8977667093276978]","[[354, 70, 1430, 776], [9, 319, 138, 444]]"
880,"['truck', 'car', 'truck']","[0.9757217168807983, 0.8421194553375244, 0.8668347001075745]","[[374, 70, 1430, 777], [9, 318, 140, 437], [9, 318, 140, 437]]"
881,"['truck', 'car', 'truck']","[0.9745864272117615, 0.8947660326957703, 0.8272722363471985]","[[413, 68, 1430, 780], [9, 317, 144, 442], [9, 317, 145, 443]]"
882,"['truck', 'car', 'truck']","[0.9749589562416077, 0.8369420170783997, 0.8818750381469727]","[[449, 70, 1430, 778], [10, 317, 148, 442], [10, 317, 149, 443]]"
883,"['truck', 'truck']","[0.9721794724464417, 0.8806124329566956]","[[485, 68, 1430, 777], [9, 317, 153, 440]]"
884,"['truck', 'truck']","[0.9697556495666504, 0.8802302479743958]","[[525, 68, 1430, 777], [8, 317, 158, 443]]"
885,"['truck', 'truck']","[0.9683129787445068, 0.9227744936943054]","[[556, 67, 1430, 793], [8, 315, 165, 446]]"
886,"['truck', 'truck']","[0.9746991991996765, 0.9201456308364868]","[[608, 67, 1430, 796], [8, 313, 169, 448]]"
887,"['truck', 'truck']","[0.9722796082496643, 0.9467190504074097]","[[670, 68, 1431, 816], [9, 314, 177, 454]]"
888,"['truck', 'truck']","[0.971199631690979, 0.9376007914543152]","[[727, 73, 1428, 825], [9, 314, 188, 457]]"
889,"['truck', 'truck']","[0.9755793213844299, 0.9580041766166687]","[[788, 68, 1430, 832], [9, 314, 192, 459]]"
890,"['truck', 'truck']","[0.9774251580238342, 0.9647767543792725]","[[851, 69, 1429, 692], [9, 312, 193, 458]]"
891,"['truck', 'truck']","[0.9771208167076111, 0.9620808362960815]","[[926, 82, 1428, 686], [7, 310, 202, 461]]"
892,"['truck', 'truck']","[0.9809820652008057, 0.9591896533966064]","[[993, 81, 1429, 686], [8, 309, 211, 465]]"
893,"['truck', 'truck']","[0.9736510515213013, 0.9580061435699463]","[[1076, 81, 1429, 687], [9, 309, 219, 467]]"
894,['truck'],[0.9769830703735352],"[[9, 309, 230, 468]]"
895,"['truck', 'truck']","[0.9757844805717468, 0.8422570824623108]","[[9, 308, 237, 469], [1220, 88, 1431, 693]]"
896,['truck'],[0.9773467183113098],"[[11, 306, 245, 472]]"
897,['truck'],[0.9615359902381897],"[[34, 306, 261, 479]]"
898,"['truck', 'car']","[0.9458915591239929, 0.8012230396270752]","[[38, 305, 266, 479], [39, 306, 266, 479]]"
899,"['truck', 'car']","[0.9508154988288879, 0.7924379706382751]","[[43, 305, 278, 482], [44, 305, 278, 482]]"
900,['truck'],[0.9683129191398621],"[[47, 302, 287, 482]]"
901,['truck'],[0.9705440998077393],"[[50, 302, 299, 486]]"
902,['truck'],[0.975733757019043],"[[55, 302, 318, 490]]"
903,['truck'],[0.9713563919067383],"[[58, 300, 324, 494]]"
904,['truck'],[0.965371310710907],"[[64, 297, 342, 500]]"
905,['truck'],[0.9722521901130676],"[[68, 297, 357, 504]]"
906,['truck'],[0.9739594459533691],"[[72, 296, 373, 505]]"
907,['truck'],[0.9589148759841919],"[[77, 295, 386, 507]]"
908,['truck'],[0.9702774286270142],"[[83, 293, 431, 513]]"
909,['truck'],[0.9730393290519714],"[[88, 293, 417, 517]]"
910,['truck'],[0.9736009240150452],"[[94, 290, 437, 527]]"
911,['truck'],[0.9338616132736206],"[[100, 290, 458, 532]]"
912,['truck'],[0.9602546691894531],"[[107, 289, 486, 535]]"
913,"['truck', 'car']","[0.9230755567550659, 0.8112073540687561]","[[114, 287, 510, 543], [115, 287, 510, 543]]"
914,['truck'],[0.9592738151550293],"[[121, 285, 537, 545]]"
915,"['truck', 'car']","[0.9491106271743774, 0.7722064852714539]","[[128, 286, 560, 554], [129, 286, 560, 554]]"
916,"['truck', 'car']","[0.9388192296028137, 0.8407762050628662]","[[137, 285, 591, 561], [138, 285, 592, 561]]"
917,"['truck', 'car']","[0.937018632888794, 0.8662169575691223]","[[145, 284, 619, 572], [146, 284, 620, 572]]"
918,['truck'],[0.9698135852813721],"[[154, 283, 656, 580]]"
919,['truck'],[0.9732972383499146],"[[163, 280, 695, 592]]"
920,['truck'],[0.9723147749900818],"[[173, 278, 730, 601]]"
921,['truck'],[0.9607764482498169],"[[183, 278, 766, 614]]"
922,['truck'],[0.9689236879348755],"[[195, 277, 807, 626]]"
923,['truck'],[0.971265971660614],"[[207, 277, 857, 642]]"
924,['truck'],[0.964921236038208],"[[222, 276, 902, 653]]"
925,['truck'],[0.9718718528747559],"[[236, 276, 948, 669]]"
926,['truck'],[0.9716331362724304],"[[251, 275, 999, 684]]"
927,['truck'],[0.9699298143386841],"[[265, 272, 1054, 706]]"
928,['truck'],[0.966566801071167],"[[285, 274, 1103, 717]]"
929,['truck'],[0.9688045978546143],"[[304, 275, 1157, 738]]"
930,['truck'],[0.9655287265777588],"[[325, 277, 1206, 745]]"
931,['truck'],[0.9663709402084351],"[[349, 277, 1273, 754]]"
932,['truck'],[0.967505156993866],"[[373, 278, 1324, 778]]"
933,['truck'],[0.9704533219337463],"[[401, 281, 1383, 798]]"
934,['truck'],[0.9691763520240784],"[[431, 273, 1428, 823]]"
935,['truck'],[0.9695058465003967],"[[463, 277, 1428, 834]]"
936,['truck'],[0.9718777537345886],"[[501, 279, 1429, 851]]"
937,['truck'],[0.9706418514251709],"[[540, 278, 1430, 841]]"
938,['truck'],[0.9733734726905823],"[[583, 277, 1433, 827]]"
939,['truck'],[0.9723144769668579],"[[631, 271, 1433, 830]]"
940,['truck'],[0.963873565196991],"[[685, 271, 1430, 829]]"
941,['truck'],[0.9590873122215271],"[[743, 283, 1428, 827]]"
942,['truck'],[0.911226749420166],"[[801, 274, 1429, 825]]"
943,['truck'],[0.9670733213424683],"[[863, 278, 1431, 826]]"
944,['truck'],[0.9548178911209106],"[[936, 302, 1431, 824]]"
945,['truck'],[0.9655665755271912],"[[1009, 301, 1431, 833]]"
946,['truck'],[0.9641639590263367],"[[1086, 300, 1431, 721]]"
947,['truck'],[0.9469477534294128],"[[1167, 322, 1430, 728]]"
948,['bus'],[0.91298508644104],"[[6, 290, 64, 476]]"
949,['bus'],[0.8977319002151489],"[[6, 287, 65, 477]]"
950,['bus'],[0.8935922384262085],"[[7, 286, 70, 480]]"
951,['bus'],[0.8715909123420715],"[[5, 286, 74, 484]]"
952,['truck'],[0.9003136157989502],"[[5, 286, 81, 490]]"
953,['bus'],[0.9171761274337769],"[[5, 282, 84, 491]]"
954,['bus'],[0.9579607248306274],"[[6, 282, 90, 495]]"
955,['bus'],[0.8423151969909668],"[[5, 279, 95, 499]]"
956,['bus'],[0.9197294116020203],"[[5, 278, 103, 502]]"
957,['car'],[0.9549627304077148],"[[4, 274, 114, 505]]"
958,[],[],[]
959,[],[],[]
960,[],[],[]
961,[],[],[]
962,[],[],[]
963,['bus'],[0.8192967772483826],"[[0, 262, 160, 534]]"
964,[],[],[]
965,[],[],[]
966,['car'],[0.8603371977806091],"[[0, 255, 190, 558]]"
967,['car'],[0.8049768209457397],"[[0, 254, 199, 565]]"
968,['car'],[0.8628129363059998],"[[0, 250, 212, 570]]"
969,['car'],[0.7955582141876221],"[[0, 247, 224, 577]]"
970,[],[],[]
971,['bus'],[0.9589836597442627],"[[3, 243, 252, 589]]"
972,['bus'],[0.9645249247550964],"[[5, 239, 268, 597]]"
973,[],[],[]
974,['bus'],[0.9220882058143616],"[[7, 232, 301, 609]]"
975,['bus'],[0.922538697719574],"[[7, 228, 319, 619]]"
976,['bus'],[0.9773300886154175],"[[3, 223, 337, 626]]"
977,['bus'],[0.966883659362793],"[[8, 221, 358, 635]]"
978,['bus'],[0.9817245006561279],"[[8, 216, 381, 643]]"
979,['bus'],[0.981380820274353],"[[8, 212, 404, 654]]"
980,['bus'],[0.9820240139961243],"[[7, 208, 429, 664]]"
981,['bus'],[0.9823761582374573],"[[6, 202, 456, 676]]"
982,['bus'],[0.9819410443305969],"[[5, 195, 488, 688]]"
983,['bus'],[0.9695782661437988],"[[7, 191, 517, 702]]"
984,['bus'],[0.9836170673370361],"[[5, 189, 552, 717]]"
985,['bus'],[0.9751379489898682],"[[4, 184, 589, 733]]"
986,['bus'],[0.9855850338935852],"[[4, 175, 628, 750]]"
987,['bus'],[0.9855608940124512],"[[0, 173, 666, 771]]"
988,['bus'],[0.9855890274047852],"[[0, 167, 711, 791]]"
989,['bus'],[0.9855843782424927],"[[4, 164, 757, 813]]"
990,['bus'],[0.9834135174751282],"[[6, 154, 806, 837]]"
991,['bus'],[0.9861013293266296],"[[8, 150, 860, 861]]"
992,['bus'],[0.985885739326477],"[[8, 140, 912, 887]]"
993,['bus'],[0.9864278435707092],"[[8, 130, 967, 915]]"
994,['bus'],[0.9868983626365662],"[[8, 124, 1024, 943]]"
995,['bus'],[0.9872060418128967],"[[8, 117, 1084, 974]]"
996,['bus'],[0.9864000678062439],"[[8, 104, 1147, 998]]"
997,['bus'],[0.9841765761375427],"[[7, 94, 1266, 1013]]"
998,['bus'],[0.9782346487045288],"[[7, 84, 1410, 1010]]"
999,['bus'],[0.9835577607154846],"[[8, 72, 1357, 1016]]"
1000,['bus'],[0.9837670922279358],"[[7, 70, 1425, 1016]]"
1001,['bus'],[0.9815212488174438],"[[7, 70, 1431, 1016]]"
1002,['bus'],[0.9802600145339966],"[[7, 70, 1428, 1014]]"
1003,['bus'],[0.9844667911529541],"[[8, 68, 1428, 1017]]"
1004,['bus'],[0.9837429523468018],"[[7, 69, 1433, 1017]]"
1005,['bus'],[0.9699476957321167],"[[7, 72, 1430, 1018]]"
1006,[],[],[]
1007,[],[],[]
1008,[],[],[]
1009,[],[],[]
1010,[],[],[]
1011,[],[],[]
1012,[],[],[]
1013,[],[],[]
1014,[],[],[]
1015,[],[],[]
1016,['bus'],[0.9193873405456543],"[[7, 71, 1433, 1018]]"
1017,['bus'],[0.8709847331047058],"[[4, 83, 1431, 1014]]"
1018,['bus'],[0.9037442803382874],"[[6, 84, 1431, 1014]]"
1019,['bus'],[0.9727361798286438],"[[5, 83, 1429, 1013]]"
1020,['bus'],[0.9817345142364502],"[[5, 84, 1427, 1017]]"
1021,['bus'],[0.9757640957832336],"[[5, 79, 1432, 1017]]"
1022,['bus'],[0.9772862195968628],"[[5, 82, 1426, 1016]]"
1023,['bus'],[0.8543367385864258],"[[4, 75, 1433, 1017]]"
1024,[],[],[]
1025,[],[],[]
1026,[],[],[]
1027,[],[],[]
1028,[],[],[]
1029,[],[],[]
1030,[],[],[]
1031,[],[],[]
1032,[],[],[]
1033,[],[],[]
1034,['bus'],[0.8036050796508789],"[[19, 69, 1426, 1016]]"
1035,['bus'],[0.9547680616378784],"[[37, 69, 1425, 1017]]"
1036,['bus'],[0.9620159268379211],"[[50, 72, 1427, 1015]]"
1037,['bus'],[0.9686217904090881],"[[63, 72, 1433, 1016]]"
1038,['bus'],[0.9713391661643982],"[[78, 71, 1432, 1016]]"
1039,['bus'],[0.9554824233055115],"[[95, 79, 1428, 1016]]"
1040,['bus'],[0.9673104882240295],"[[114, 78, 1430, 1018]]"
1041,['bus'],[0.9615187644958496],"[[135, 73, 1428, 1014]]"
1042,['bus'],[0.9546173214912415],"[[158, 71, 1434, 1019]]"
1043,"['car', 'bus']","[0.8972703814506531, 0.9589027166366577]","[[136, 326, 197, 395], [184, 71, 1430, 1018]]"
1044,"['car', 'bus']","[0.9565241932868958, 0.9503504037857056]","[[143, 322, 231, 397], [217, 71, 1433, 1017]]"
1045,"['car', 'bus']","[0.9746463894844055, 0.8471797108650208]","[[145, 317, 264, 398], [255, 70, 1435, 1020]]"
1046,"['car', 'bus']","[0.9656549096107483, 0.963714599609375]","[[154, 316, 304, 398], [298, 69, 1434, 1020]]"
1047,"['car', 'bus']","[0.972241997718811, 0.9094479084014893]","[[164, 319, 308, 399], [350, 69, 1432, 1015]]"
1048,"['car', 'car', 'car']","[0.8968944549560547, 0.8743033409118652, 0.8848930597305298]","[[175, 320, 321, 402], [212, 319, 322, 382], [175, 350, 279, 402]]"
1049,"['car', 'bus']","[0.9745633602142334, 0.9612875580787659]","[[181, 319, 335, 402], [479, 69, 1433, 1017]]"
1050,"['car', 'bus']","[0.9774156808853149, 0.966291069984436]","[[190, 320, 352, 403], [564, 68, 1434, 1016]]"
1051,['car'],[0.9765180349349976],"[[202, 319, 367, 404]]"
1052,['car'],[0.9765738248825073],"[[211, 315, 382, 405]]"
1053,['car'],[0.976477861404419],"[[220, 313, 398, 406]]"
1054,['car'],[0.9488220810890198],"[[233, 315, 414, 407]]"
1055,['car'],[0.9706439971923828],"[[244, 313, 433, 406]]"
1056,['car'],[0.9620978236198425],"[[255, 310, 451, 406]]"
1057,['car'],[0.972571849822998],"[[268, 312, 471, 409]]"
1058,['car'],[0.9724434614181519],"[[280, 312, 492, 410]]"
1059,['car'],[0.9770721197128296],"[[293, 311, 512, 417]]"
1060,['car'],[0.9689146280288696],"[[307, 309, 535, 410]]"
1061,['car'],[0.973974347114563],"[[323, 309, 560, 421]]"
1062,['car'],[0.9714356064796448],"[[338, 308, 587, 424]]"
1063,['car'],[0.9766351580619812],"[[356, 308, 614, 428]]"
1064,['car'],[0.9788405299186707],"[[375, 311, 645, 433]]"
1065,['car'],[0.977617084980011],"[[393, 309, 678, 436]]"
1066,['car'],[0.9783498644828796],"[[413, 308, 711, 440]]"
1067,['car'],[0.9783781170845032],"[[436, 309, 747, 444]]"
1068,['car'],[0.9781745076179504],"[[458, 309, 785, 448]]"
1069,['car'],[0.9800742268562317],"[[482, 309, 819, 454]]"
1070,['car'],[0.9782944321632385],"[[509, 309, 864, 458]]"
1071,['car'],[0.9787059426307678],"[[534, 313, 906, 464]]"
1072,['car'],[0.9776697158813477],"[[567, 313, 950, 473]]"
1073,['car'],[0.9782227277755737],"[[597, 314, 993, 479]]"
1074,['car'],[0.9791586399078369],"[[630, 314, 1042, 487]]"
1075,['car'],[0.9778259992599487],"[[667, 317, 1091, 495]]"
1076,['car'],[0.9769310355186462],"[[703, 322, 1145, 503]]"
1077,['car'],[0.9785110950469971],"[[742, 324, 1192, 513]]"
1078,['car'],[0.9752845168113708],"[[785, 326, 1246, 523]]"
1079,['car'],[0.969342827796936],"[[831, 330, 1296, 533]]"
1080,['car'],[0.9762279391288757],"[[876, 335, 1346, 544]]"
1081,['car'],[0.9771544933319092],"[[926, 340, 1399, 554]]"
1082,['car'],[0.9740986227989197],"[[977, 346, 1430, 567]]"
1083,['car'],[0.9768868088722229],"[[1031, 349, 1431, 578]]"
1084,['car'],[0.9734357595443726],"[[1084, 357, 1432, 560]]"
1085,['car'],[0.9663289785385132],"[[1140, 364, 1432, 555]]"
1086,['car'],[0.9675967693328857],"[[1194, 378, 1433, 553]]"
1087,['car'],[0.967228889465332],"[[1250, 390, 1435, 564]]"
1088,['car'],[0.9699302911758423],"[[1304, 399, 1434, 575]]"
1089,['car'],[0.8675202131271362],"[[1356, 412, 1434, 576]]"
1090,[],[],[]
1091,[],[],[]
1092,[],[],[]
1093,[],[],[]
1094,[],[],[]
1095,[],[],[]
1096,[],[],[]
1097,[],[],[]
1098,[],[],[]
1099,[],[],[]
1100,[],[],[]
1101,[],[],[]
1102,[],[],[]
1103,[],[],[]
1104,[],[],[]
1105,[],[],[]
1106,[],[],[]
1107,[],[],[]
1108,[],[],[]
1109,[],[],[]
1110,[],[],[]
1111,[],[],[]
1112,[],[],[]
1113,[],[],[]
1114,[],[],[]
1115,[],[],[]
1116,[],[],[]
1117,['car'],[0.7921488881111145],"[[8, 370, 28, 400]]"
1118,['car'],[0.8661600947380066],"[[8, 371, 31, 402]]"
1119,['car'],[0.8989328145980835],"[[8, 371, 37, 401]]"
1120,['car'],[0.8962399959564209],"[[8, 367, 40, 403]]"
1121,['car'],[0.9067002534866333],"[[8, 371, 48, 406]]"
1122,['car'],[0.8969371318817139],"[[10, 374, 47, 407]]"
1123,"['car', 'car']","[0.9395501613616943, 0.8084115386009216]","[[9, 366, 53, 404], [760, 257, 786, 278]]"
1124,"['car', 'car']","[0.9516851305961609, 0.812602698802948]","[[9, 361, 53, 406], [760, 257, 786, 278]]"
1125,"['car', 'car']","[0.9402747750282288, 0.8124513626098633]","[[9, 360, 57, 403], [760, 257, 786, 278]]"
1126,"['car', 'car']","[0.9119265675544739, 0.7924564480781555]","[[8, 364, 59, 406], [760, 257, 786, 278]]"
1127,"['car', 'car', 'car']","[0.8730639219284058, 0.9491344690322876, 0.8056463003158569]","[[1402, 340, 1430, 366], [8, 361, 63, 406], [760, 258, 786, 278]]"
1128,"['car', 'car', 'car']","[0.962868332862854, 0.814057469367981, 0.8851293325424194]","[[8, 361, 65, 411], [760, 258, 786, 278], [1378, 327, 1429, 379]]"
1129,"['car', 'car', 'car']","[0.9593402147293091, 0.8102412819862366, 0.9762879610061646]","[[8, 360, 69, 413], [760, 258, 786, 278], [1352, 314, 1430, 383]]"
1130,"['car', 'car', 'car']","[0.9487656354904175, 0.7935805916786194, 0.9795430302619934]","[[8, 360, 72, 413], [760, 258, 786, 278], [1330, 307, 1429, 383]]"
1131,"['car', 'car', 'car']","[0.9611144065856934, 0.7943674325942993, 0.9807785153388977]","[[9, 361, 77, 412], [760, 258, 786, 278], [1307, 301, 1430, 383]]"
1132,"['car', 'car', 'car']","[0.9463236927986145, 0.7915118336677551, 0.9799618721008301]","[[9, 358, 82, 415], [760, 258, 786, 278], [1281, 297, 1429, 382]]"
1133,"['car', 'car', 'car']","[0.7899789214134216, 0.9639581441879272, 0.9748446345329285]","[[760, 258, 786, 278], [10, 358, 87, 418], [1257, 293, 1429, 379]]"
1134,"['car', 'car']","[0.9591904282569885, 0.9752830862998962]","[[11, 358, 91, 420], [1249, 289, 1429, 383]]"
1135,"['car', 'car']","[0.9482613801956177, 0.9377328753471375]","[[15, 358, 96, 413], [1248, 286, 1424, 374]]"
1136,"['truck', 'car', 'car', 'car']","[0.7973098158836365, 0.9674628376960754, 0.7917654514312744, 0.8924091458320618]","[[1250, 284, 1388, 363], [19, 357, 100, 417], [760, 257, 786, 278], [1182, 298, 1223, 348]]"
1137,"['car', 'car', 'car']","[0.853310227394104, 0.9518637657165527, 0.9695428013801575]","[[322, 240, 403, 304], [1156, 281, 1366, 364], [17, 351, 106, 428]]"
1138,"['car', 'car', 'car']","[0.969898521900177, 0.9527028799057007, 0.8186007142066956]","[[17, 351, 110, 429], [1134, 275, 1344, 365], [322, 241, 405, 305]]"
1139,"['truck', 'car', 'car']","[0.909518837928772, 0.9672943353652954, 0.8370904922485352]","[[1112, 186, 1319, 362], [20, 352, 118, 430], [1112, 272, 1319, 363]]"
1140,"['car', 'car', 'car', 'car']","[0.8285055160522461, 0.8426830172538757, 0.9666066765785217, 0.9638899564743042]","[[322, 242, 405, 305], [1327, 302, 1428, 334], [17, 352, 124, 431], [1087, 269, 1290, 357]]"
1141,"['car', 'car', 'car']","[0.8343892097473145, 0.9529436230659485, 0.9659695625305176]","[[322, 242, 405, 305], [18, 352, 131, 433], [1061, 265, 1264, 347]]"
1142,"['car', 'car']","[0.9593505859375, 0.9808930158615112]","[[18, 352, 138, 434], [1038, 264, 1228, 349]]"
1143,"['car', 'car', 'car']","[0.8094983100891113, 0.9389291405677795, 0.9725362062454224]","[[322, 242, 404, 305], [33, 353, 144, 436], [1015, 260, 1218, 337]]"
1144,"['car', 'car', 'car']","[0.8197483420372009, 0.9093033075332642, 0.9678993225097656]","[[322, 242, 405, 305], [37, 354, 155, 436], [991, 260, 1193, 339]]"
1145,"['car', 'car', 'car']","[0.9333890676498413, 0.8121137619018555, 0.9682109951972961]","[[47, 349, 165, 438], [322, 242, 404, 305], [967, 257, 1174, 332]]"
1146,"['car', 'car', 'car']","[0.9588836431503296, 0.8114780187606812, 0.9645738005638123]","[[51, 351, 174, 439], [322, 242, 404, 305], [946, 257, 1149, 329]]"
1147,"['car', 'car', 'car']","[0.9478697776794434, 0.8069347739219666, 0.9736935496330261]","[[58, 350, 184, 445], [321, 242, 405, 305], [927, 254, 1121, 328]]"
1148,"['car', 'car', 'car']","[0.9618064165115356, 0.8109089732170105, 0.9763382077217102]","[[58, 351, 194, 448], [321, 243, 405, 305], [906, 253, 1100, 329]]"
1149,"['car', 'car', 'car']","[0.8296477198600769, 0.9735402464866638, 0.9676157832145691]","[[322, 243, 405, 305], [66, 354, 204, 447], [884, 253, 1075, 327]]"
1150,"['car', 'car', 'car']","[0.9602689743041992, 0.9747069478034973, 0.8282055258750916]","[[72, 352, 237, 451], [864, 251, 1059, 324], [322, 242, 405, 305]]"
1151,"['truck', 'car', 'car', 'car']","[0.7898882031440735, 0.916900098323822, 0.9745594263076782, 0.8297577500343323]","[[80, 349, 227, 454], [80, 350, 227, 454], [843, 250, 1039, 321], [322, 242, 405, 304]]"
1152,"['car', 'car', 'car']","[0.9763451814651489, 0.9746016263961792, 0.7847374677658081]","[[86, 354, 243, 458], [824, 250, 1020, 322], [322, 242, 405, 305]]"
1153,"['car', 'car']","[0.9725338220596313, 0.9759931564331055]","[[89, 356, 252, 456], [802, 249, 1000, 316]]"
1154,"['car', 'car', 'car']","[0.9664439558982849, 0.9704731702804565, 0.8004344701766968]","[[93, 355, 264, 460], [784, 248, 980, 316], [322, 241, 407, 304]]"
1155,"['car', 'car', 'car']","[0.9746325612068176, 0.8099047541618347, 0.9733529090881348]","[[101, 355, 279, 465], [322, 241, 407, 304], [767, 249, 959, 316]]"
1156,"['truck', 'car', 'car', 'car']","[0.8891180753707886, 0.9755548238754272, 0.832042396068573, 0.9181835651397705]","[[750, 248, 940, 316], [105, 354, 295, 465], [322, 242, 406, 304], [750, 249, 939, 316]]"
1157,"['car', 'car', 'car']","[0.9735310673713684, 0.8032729029655457, 0.973361074924469]","[[113, 354, 313, 469], [322, 242, 407, 304], [735, 248, 921, 311]]"
1158,"['car', 'car']","[0.9715402722358704, 0.9790456295013428]","[[108, 355, 329, 475], [718, 249, 901, 311]]"
1159,"['car', 'car']","[0.971794843673706, 0.9747971296310425]","[[142, 356, 350, 481], [703, 248, 881, 309]]"
1160,"['car', 'car', 'car']","[0.9627270698547363, 0.7877969145774841, 0.9742233157157898]","[[157, 360, 373, 487], [322, 242, 406, 304], [686, 247, 862, 308]]"
1161,"['car', 'car', 'car']","[0.9703027009963989, 0.8268275856971741, 0.9747565984725952]","[[168, 361, 429, 493], [322, 242, 407, 304], [665, 247, 844, 306]]"
1162,"['car', 'car']","[0.9680099487304688, 0.9724896550178528]","[[180, 357, 429, 499], [649, 247, 828, 307]]"
1163,"['car', 'car']","[0.9750712513923645, 0.9773282408714294]","[[190, 353, 447, 503], [639, 247, 808, 307]]"
1164,"['car', 'car']","[0.9731441736221313, 0.9775962829589844]","[[207, 365, 478, 512], [624, 246, 790, 307]]"
1165,"['car', 'car', 'car']","[0.9759140610694885, 0.9774671196937561, 0.8049728274345398]","[[222, 361, 510, 520], [610, 246, 780, 308], [321, 242, 407, 304]]"
1166,"['car', 'car']","[0.97496098279953, 0.9785099625587463]","[[236, 359, 544, 528], [596, 246, 761, 307]]"
1167,"['car', 'car']","[0.9776893258094788, 0.9705728888511658]","[[256, 357, 583, 536], [583, 248, 743, 305]]"
1168,"['car', 'car']","[0.965657114982605, 0.9791239500045776]","[[572, 249, 726, 305], [276, 356, 622, 547]]"
1169,"['car', 'car']","[0.9700310230255127, 0.9746327996253967]","[[556, 250, 711, 305], [297, 358, 668, 558]]"
1170,"['car', 'car']","[0.9771662354469299, 0.9716212749481201]","[[547, 248, 698, 305], [320, 359, 713, 570]]"
1171,"['car', 'car']","[0.9730131030082703, 0.9691698551177979]","[[542, 250, 684, 304], [342, 361, 767, 582]]"
1172,"['car', 'car']","[0.9657238721847534, 0.9727493524551392]","[[545, 250, 674, 304], [375, 361, 852, 596]]"
1173,"['car', 'car']","[0.9734346866607666, 0.9714162349700928]","[[543, 251, 652, 306], [405, 365, 880, 611]]"
1174,"['car', 'car']","[0.9671561121940613, 0.9727826714515686]","[[537, 250, 639, 305], [442, 367, 945, 626]]"
1175,"['car', 'car', 'car']","[0.81282639503479, 0.9500380158424377, 0.9708720445632935]","[[483, 272, 544, 305], [491, 251, 626, 305], [481, 371, 1014, 645]]"
1176,"['car', 'car', 'car']","[0.9428808689117432, 0.9721560478210449, 0.8120137453079224]","[[481, 252, 610, 311], [522, 374, 1085, 666], [478, 263, 516, 303]]"
1177,"['car', 'car']","[0.9459709525108337, 0.9670936465263367]","[[469, 253, 598, 305], [569, 381, 1160, 683]]"
1178,"['car', 'car', 'car']","[0.934353232383728, 0.9541206955909729, 0.9644255638122559]","[[457, 266, 521, 306], [518, 253, 589, 301], [602, 385, 1223, 703]]"
1179,"['car', 'car', 'car']","[0.9615191221237183, 0.9504416584968567, 0.9654632806777954]","[[449, 260, 550, 306], [523, 252, 578, 300], [677, 393, 1294, 726]]"
1180,"['car', 'car', 'car']","[0.9759535193443298, 0.9101593494415283, 0.9578126668930054]","[[441, 258, 517, 305], [524, 251, 565, 291], [735, 400, 1376, 747]]"
1181,"['car', 'car', 'car']","[0.980247974395752, 0.8646363019943237, 0.9569336771965027]","[[431, 258, 514, 306], [522, 250, 552, 290], [812, 408, 1428, 768]]"
1182,"['car', 'car', 'car']","[0.9789608120918274, 0.8576868772506714, 0.9537804126739502]","[[422, 259, 513, 307], [514, 251, 544, 292], [881, 425, 1429, 786]]"
1183,"['car', 'car']","[0.9761434197425842, 0.9663533568382263]","[[415, 258, 514, 308], [957, 469, 1431, 783]]"
1184,"['car', 'car']","[0.9757652878761292, 0.9629024863243103]","[[415, 258, 514, 308], [957, 469, 1430, 782]]"
1185,"['car', 'car']","[0.9748560190200806, 0.9603996276855469]","[[407, 258, 514, 308], [1053, 467, 1431, 732]]"
1186,"['car', 'car']","[0.9776949882507324, 0.9673113226890564]","[[399, 257, 512, 309], [1138, 491, 1430, 746]]"
1187,"['truck', 'car', 'car']","[0.7891961932182312, 0.9719933271408081, 0.9208934903144836]","[[1210, 499, 1431, 766], [387, 258, 511, 310], [1209, 501, 1431, 766]]"
1188,"['car', 'car', 'car']","[0.9625536799430847, 0.8699429631233215, 0.9605792760848999]","[[384, 266, 489, 310], [417, 258, 500, 287], [1311, 490, 1433, 787]]"
1189,"['car', 'car']","[0.9655082821846008, 0.8237738609313965]","[[383, 267, 479, 311], [417, 259, 489, 288]]"
1190,['car'],[0.9492522478103638],"[[386, 268, 473, 311]]"
1191,['car'],[0.9507466554641724],"[[383, 271, 464, 311]]"
1192,['car'],[0.9211162328720093],"[[392, 266, 457, 304]]"
1193,['car'],[0.8904237747192383],"[[391, 262, 452, 302]]"
1194,['car'],[0.8861366510391235],"[[384, 266, 441, 303]]"
1195,['car'],[0.8580748438835144],"[[377, 266, 430, 305]]"
1196,['car'],[0.914874255657196],"[[343, 270, 420, 302]]"
1197,['car'],[0.9231568574905396],"[[346, 270, 414, 302]]"
1198,['car'],[0.873962938785553],"[[312, 261, 406, 315]]"
1199,['car'],[0.9127827882766724],"[[310, 274, 401, 314]]"
1200,['car'],[0.8184455037117004],"[[303, 274, 399, 316]]"
1201,['car'],[0.8889143466949463],"[[295, 278, 396, 316]]"
1202,['car'],[0.8811303377151489],"[[289, 278, 396, 316]]"
1203,['car'],[0.8457461595535278],"[[288, 273, 397, 317]]"
1204,['car'],[0.8456332087516785],"[[280, 271, 397, 317]]"
1205,['car'],[0.8371554613113403],"[[279, 263, 397, 316]]"
1206,['car'],[0.8234034180641174],"[[277, 245, 401, 315]]"
1207,['car'],[0.7787800431251526],"[[278, 243, 400, 314]]"
1208,['car'],[0.8953948020935059],"[[272, 274, 362, 311]]"
1209,['car'],[0.9009395241737366],"[[274, 274, 364, 312]]"
1210,['car'],[0.9044706225395203],"[[271, 274, 354, 308]]"
1211,['car'],[0.9214807152748108],"[[269, 274, 324, 307]]"
1212,['car'],[0.9190017580986023],"[[275, 273, 317, 307]]"
1213,['car'],[0.8923745155334473],"[[274, 272, 314, 310]]"
1214,['car'],[0.7722504138946533],"[[272, 274, 312, 311]]"
1215,"['car', 'car']","[0.7773097157478333, 0.8018693923950195]","[[266, 274, 303, 312], [228, 277, 264, 319]]"
1216,['car'],[0.9242600202560425],"[[223, 293, 262, 318]]"
1217,['car'],[0.9294734001159668],"[[222, 290, 261, 318]]"
1218,['car'],[0.9241428971290588],"[[219, 288, 264, 318]]"
1219,['car'],[0.9145708680152893],"[[216, 287, 259, 318]]"
1220,['car'],[0.9143038988113403],"[[211, 288, 261, 318]]"
1221,['car'],[0.9177870154380798],"[[206, 288, 261, 318]]"
1222,['car'],[0.9489580392837524],"[[203, 287, 260, 318]]"
1223,['car'],[0.9429883360862732],"[[199, 287, 260, 319]]"
1224,['car'],[0.950939416885376],"[[195, 286, 259, 320]]"
1225,['car'],[0.9464008808135986],"[[191, 287, 255, 321]]"
1226,['car'],[0.947613000869751],"[[190, 286, 253, 320]]"
1227,['car'],[0.9404305815696716],"[[188, 285, 251, 322]]"
1228,[],[],[]
1229,['truck'],[0.809261679649353],"[[180, 250, 241, 320]]"
1230,[],[],[]
1231,[],[],[]
1232,[],[],[]
1233,['car'],[0.7873450517654419],"[[756, 221, 786, 278]]"
1234,['car'],[0.7791130542755127],"[[756, 221, 786, 278]]"
1235,"['car', 'car']","[0.7804949879646301, 0.8010239005088806]","[[160, 279, 244, 323], [756, 221, 786, 278]]"
1236,['car'],[0.800007164478302],"[[756, 221, 786, 278]]"
1237,"['truck', 'car']","[0.7528230547904968, 0.7817173004150391]","[[155, 254, 258, 325], [756, 221, 786, 278]]"
1238,['car'],[0.7791121006011963],"[[756, 221, 786, 278]]"
1239,"['car', 'car']","[0.8836370706558228, 0.8141466975212097]","[[146, 279, 256, 328], [756, 221, 786, 278]]"
1240,['car'],[0.7768564820289612],"[[756, 221, 786, 278]]"
1241,"['car', 'car']","[0.8337627053260803, 0.7880915999412537]","[[143, 280, 257, 329], [756, 221, 786, 278]]"
1242,"['car', 'car']","[0.8309106230735779, 0.7958306670188904]","[[141, 280, 257, 330], [756, 221, 786, 278]]"
1243,"['car', 'car']","[0.7781627774238586, 0.7817280888557434]","[[139, 280, 257, 329], [756, 221, 786, 278]]"
1244,[],[],[]
1245,[],[],[]
1246,[],[],[]
1247,[],[],[]
1248,['car'],[0.7887563705444336],"[[127, 281, 255, 328]]"
1249,[],[],[]
1250,[],[],[]
1251,[],[],[]
1252,"['car', 'car']","[0.7791211009025574, 0.8801323175430298]","[[756, 222, 786, 278], [118, 296, 163, 327]]"
1253,"['car', 'car']","[0.8946749567985535, 0.7919489741325378]","[[117, 296, 162, 327], [756, 222, 786, 278]]"
1254,[],[],[]
1255,"['car', 'car']","[0.9217658638954163, 0.8223205208778381]","[[111, 297, 159, 327], [756, 221, 786, 278]]"
1256,"['car', 'car']","[0.8881146907806396, 0.79451984167099]","[[110, 296, 159, 327], [756, 222, 786, 278]]"
1257,['car'],[0.8713317513465881],"[[107, 296, 159, 327]]"
1258,['car'],[0.9607911705970764],"[[108, 300, 149, 327]]"
1259,['car'],[0.9626340866088867],"[[105, 300, 147, 327]]"
1260,['car'],[0.9679977297782898],"[[104, 300, 147, 327]]"
1261,['car'],[0.963103711605072],"[[103, 300, 147, 327]]"
1262,['car'],[0.9585193991661072],"[[99, 300, 146, 329]]"
1263,['car'],[0.9626036882400513],"[[98, 300, 140, 327]]"
1264,['car'],[0.9583284258842468],"[[96, 300, 140, 327]]"
1265,['car'],[0.9556162357330322],"[[94, 300, 138, 327]]"
1266,['car'],[0.9636334180831909],"[[93, 300, 138, 327]]"
1267,['car'],[0.9601219296455383],"[[93, 299, 138, 327]]"
1268,['car'],[0.9566113352775574],"[[93, 300, 139, 329]]"
1269,['car'],[0.9425286650657654],"[[88, 300, 138, 330]]"
1270,['car'],[0.9304283857345581],"[[88, 301, 138, 330]]"
1271,['car'],[0.9412017464637756],"[[88, 300, 138, 330]]"
1272,['car'],[0.9449180960655212],"[[86, 302, 138, 330]]"
1273,['car'],[0.9384539723396301],"[[84, 302, 137, 330]]"
1274,['car'],[0.8534702658653259],"[[78, 309, 135, 331]]"
1275,['car'],[0.8402383327484131],"[[77, 309, 135, 330]]"
1276,['car'],[0.7971439957618713],"[[77, 309, 137, 330]]"
1277,[],[],[]
1278,[],[],[]
1279,[],[],[]
1280,['car'],[0.7853902578353882],"[[72, 310, 137, 330]]"
1281,['car'],[0.8275387287139893],"[[72, 310, 137, 330]]"
1282,['car'],[0.8709049224853516],"[[69, 308, 104, 330]]"
1283,['car'],[0.8807126879692078],"[[69, 308, 103, 329]]"
1284,['car'],[0.8952193856239319],"[[63, 308, 103, 329]]"
1285,['car'],[0.9243561625480652],"[[64, 308, 103, 330]]"
1286,['car'],[0.9228450059890747],"[[63, 308, 103, 330]]"
1287,['car'],[0.929558277130127],"[[63, 308, 103, 330]]"
1288,['car'],[0.9093836545944214],"[[55, 309, 93, 336]]"
1289,['car'],[0.9075027704238892],"[[57, 309, 91, 335]]"
1290,['car'],[0.910912275314331],"[[56, 309, 90, 335]]"
1291,['car'],[0.9090900421142578],"[[56, 309, 90, 335]]"
1292,['car'],[0.9114218950271606],"[[56, 309, 88, 333]]"
1293,['car'],[0.9138796925544739],"[[56, 309, 86, 333]]"
1294,['car'],[0.9167922139167786],"[[55, 309, 85, 333]]"
1295,['car'],[0.8863773941993713],"[[56, 309, 84, 333]]"
1296,['car'],[0.9112263321876526],"[[54, 309, 83, 333]]"
1297,['car'],[0.8529090881347656],"[[54, 309, 80, 332]]"
1298,[],[],[]
1299,[],[],[]
1300,[],[],[]
1301,[],[],[]
1302,['car'],[0.8416411280632019],"[[17, 307, 76, 346]]"
1303,['car'],[0.8604879379272461],"[[17, 308, 76, 346]]"
1304,[],[],[]
1305,[],[],[]
1306,[],[],[]
1307,[],[],[]
1308,[],[],[]
1309,['car'],[0.7809640765190125],"[[17, 311, 66, 345]]"
1310,[],[],[]
1311,[],[],[]
1312,[],[],[]
1313,[],[],[]
1314,[],[],[]
1315,[],[],[]
1316,[],[],[]
1317,[],[],[]
1318,[],[],[]
1319,[],[],[]
1320,[],[],[]
1321,[],[],[]
1322,['car'],[0.8280718326568604],"[[16, 316, 59, 347]]"
1323,['car'],[0.7932799458503723],"[[16, 316, 58, 347]]"
1324,['car'],[0.80875164270401],"[[16, 316, 58, 347]]"
1325,[],[],[]
1326,['car'],[0.7896828055381775],"[[17, 318, 57, 346]]"
1327,['car'],[0.7908021211624146],"[[17, 318, 57, 346]]"
1328,['car'],[0.8142577409744263],"[[17, 318, 57, 346]]"
1329,['car'],[0.8278419971466064],"[[17, 318, 57, 347]]"
1330,['car'],[0.8499776124954224],"[[17, 318, 57, 346]]"
1331,['car'],[0.8656449317932129],"[[17, 318, 56, 344]]"
1332,['car'],[0.8785842061042786],"[[17, 318, 57, 344]]"
1333,['car'],[0.8766202330589294],"[[17, 318, 57, 345]]"
1334,['car'],[0.8755019903182983],"[[17, 318, 57, 345]]"
1335,['car'],[0.8705151081085205],"[[17, 318, 57, 345]]"
1336,['car'],[0.8707495331764221],"[[17, 318, 57, 345]]"
1337,['car'],[0.8753374218940735],"[[17, 318, 57, 345]]"
1338,['car'],[0.8207957148551941],"[[16, 318, 43, 345]]"
1339,['car'],[0.8247320055961609],"[[16, 318, 43, 345]]"
1340,['car'],[0.8012471795082092],"[[16, 318, 44, 345]]"
1341,['car'],[0.8024708032608032],"[[16, 318, 44, 345]]"
1342,['car'],[0.7783884406089783],"[[16, 318, 43, 345]]"
1343,['car'],[0.8326128721237183],"[[12, 318, 43, 345]]"
1344,['car'],[0.8018120527267456],"[[13, 319, 44, 346]]"
1345,['car'],[0.8261246085166931],"[[10, 318, 44, 346]]"
1346,['car'],[0.824406623840332],"[[10, 318, 44, 346]]"
1347,['car'],[0.8255884051322937],"[[10, 318, 44, 346]]"
1348,[],[],[]
1349,[],[],[]
1350,[],[],[]
1351,[],[],[]
1352,[],[],[]
1353,[],[],[]
1354,[],[],[]
1355,[],[],[]
1356,[],[],[]
1357,[],[],[]
1358,[],[],[]
1359,[],[],[]
1360,[],[],[]
1361,[],[],[]
1362,[],[],[]
1363,[],[],[]
1364,[],[],[]
1365,[],[],[]
1366,[],[],[]
1367,[],[],[]
1368,[],[],[]
1369,[],[],[]
1370,[],[],[]
1371,[],[],[]
1372,[],[],[]
1373,[],[],[]
1374,[],[],[]
1375,[],[],[]
1376,[],[],[]
1377,[],[],[]
1378,[],[],[]
1379,[],[],[]
1380,[],[],[]
1381,[],[],[]
1382,[],[],[]
1383,[],[],[]
1384,[],[],[]
1385,[],[],[]
1386,[],[],[]
1387,[],[],[]
1388,[],[],[]
1389,[],[],[]
1390,[],[],[]
1391,[],[],[]
1392,[],[],[]
1393,[],[],[]
1394,[],[],[]
1395,[],[],[]
1396,[],[],[]
1397,[],[],[]
1398,[],[],[]
1399,[],[],[]
1400,[],[],[]
1401,[],[],[]
1402,[],[],[]
1403,[],[],[]
1404,[],[],[]
1405,[],[],[]
1406,[],[],[]
1407,[],[],[]
1408,[],[],[]
1409,['car'],[0.8593130111694336],"[[1291, 336, 1352, 371]]"
1410,[],[],[]
1411,['car'],[0.8276343941688538],"[[1254, 303, 1424, 376]]"
1412,[],[],[]
1413,[],[],[]
1414,[],[],[]
1415,[],[],[]
1416,[],[],[]
1417,[],[],[]
1418,[],[],[]
1419,[],[],[]
1420,[],[],[]
1421,[],[],[]
1422,[],[],[]
1423,[],[],[]
1424,[],[],[]
1425,['car'],[0.7619720697402954],"[[920, 274, 1074, 331]]"
1426,['car'],[0.7786865830421448],"[[925, 273, 1065, 331]]"
1427,"['car', 'car']","[0.853442370891571, 0.9344944357872009]","[[1278, 303, 1428, 362], [898, 270, 1043, 330]]"
1428,['car'],[0.9319194555282593],"[[860, 269, 1021, 331]]"
1429,['car'],[0.9009564518928528],"[[839, 267, 998, 329]]"
1430,['car'],[0.947067379951477],"[[822, 266, 977, 326]]"
1431,['car'],[0.9652841687202454],"[[803, 266, 958, 323]]"
1432,['car'],[0.9539386630058289],"[[789, 266, 937, 320]]"
1433,['car'],[0.9169518947601318],"[[784, 267, 918, 316]]"
1434,[],[],[]
1435,['car'],[0.7981472015380859],"[[799, 258, 878, 315]]"
1436,[],[],[]
1437,[],[],[]
1438,['car'],[0.7837232351303101],"[[687, 260, 824, 315]]"
1439,['car'],[0.9441141486167908],"[[671, 258, 805, 311]]"
1440,"['car', 'car']","[0.8152549266815186, 0.9300912618637085]","[[1026, 279, 1083, 323], [644, 256, 788, 311]]"
1441,"['car', 'car']","[0.8776968717575073, 0.9273495078086853]","[[1007, 279, 1066, 322], [639, 255, 771, 308]]"
1442,"['car', 'car']","[0.8555780649185181, 0.9393436908721924]","[[991, 276, 1045, 321], [624, 256, 755, 307]]"
1443,"['car', 'motorcycle', 'car']","[0.7851636409759521, 0.8544028997421265, 0.9621695280075073]","[[293, 237, 409, 303], [975, 277, 1029, 322], [610, 255, 738, 306]]"
1444,"['car', 'car', 'car', 'motorcycle']","[0.8236693143844604, 0.8677504062652588, 0.9682000875473022, 0.8561158776283264]","[[293, 238, 409, 303], [510, 266, 555, 316], [596, 258, 722, 306], [954, 274, 1008, 315]]"
1445,"['car', 'car', 'car']","[0.8304433226585388, 0.8677851557731628, 0.9697318077087402]","[[295, 238, 409, 303], [510, 266, 557, 317], [584, 260, 706, 306]]"
1446,"['car', 'car', 'car']","[0.8388532996177673, 0.9032604098320007, 0.9693239331245422]","[[294, 238, 409, 303], [510, 265, 559, 317], [569, 260, 691, 306]]"
1447,"['car', 'car']","[0.861468493938446, 0.9633130431175232]","[[510, 264, 559, 318], [558, 259, 676, 307]]"
1448,"['car', 'car']","[0.8671516180038452, 0.9596521854400635]","[[510, 266, 561, 316], [546, 261, 663, 306]]"
1449,['car'],[0.9563555121421814],"[[512, 261, 648, 312]]"
1450,['car'],[0.9581150412559509],"[[513, 264, 636, 305]]"
1451,['car'],[0.9581978917121887],"[[516, 263, 625, 304]]"
1452,['car'],[0.9485871195793152],"[[510, 263, 608, 303]]"
1453,['car'],[0.8052089810371399],"[[487, 263, 597, 314]]"
1454,['car'],[0.9142201542854309],"[[480, 263, 584, 311]]"
1455,['car'],[0.8577076196670532],"[[471, 263, 574, 306]]"
1456,"['car', 'car']","[0.9218056201934814, 0.9298661351203918]","[[459, 273, 518, 303], [519, 265, 561, 306]]"
1457,['car'],[0.9557634592056274],"[[448, 273, 517, 304]]"
1458,['car'],[0.9565345048904419],"[[440, 273, 517, 304]]"
1459,['car'],[0.9538983702659607],"[[431, 270, 515, 303]]"
1460,['car'],[0.9412105083465576],"[[422, 270, 518, 304]]"
1461,['car'],[0.953315019607544],"[[416, 270, 508, 305]]"
1462,"['car', 'car']","[0.831257164478302, 0.8729023933410645]","[[681, 271, 723, 300], [416, 273, 495, 305]]"
1463,['car'],[0.9338318705558777],"[[405, 270, 488, 307]]"
1464,"['car', 'car']","[0.8810383081436157, 0.8187826871871948]","[[406, 271, 479, 308], [657, 267, 697, 300]]"
1465,"['car', 'car']","[0.8999167680740356, 0.8075100183486938]","[[392, 277, 468, 309], [646, 272, 685, 300]]"
1466,['car'],[0.8787894248962402],"[[392, 274, 459, 308]]"
1467,['car'],[0.8274714946746826],"[[402, 276, 451, 307]]"
1468,['car'],[0.8924392461776733],"[[366, 270, 445, 313]]"
1469,['motorcycle'],[0.8756436109542847],"[[601, 265, 646, 299]]"
1470,[],[],[]
1471,[],[],[]
1472,[],[],[]
1473,['motorcycle'],[0.8295555710792542],"[[561, 274, 597, 298]]"
1474,['motorcycle'],[0.8666631579399109],"[[552, 261, 586, 298]]"
1475,[],[],[]
1476,[],[],[]
1477,[],[],[]
1478,[],[],[]
1479,[],[],[]
1480,[],[],[]
1481,[],[],[]
1482,['motorcycle'],[0.8493093848228455],"[[482, 271, 547, 316]]"
1483,[],[],[]
1484,[],[],[]
1485,[],[],[]
1486,[],[],[]
1487,[],[],[]
1488,[],[],[]
1489,[],[],[]
1490,[],[],[]
1491,[],[],[]
1492,[],[],[]
1493,[],[],[]
1494,[],[],[]
1495,[],[],[]
1496,[],[],[]
1497,[],[],[]
1498,[],[],[]
1499,['car'],[0.7579385638237],"[[206, 249, 358, 319]]"
1500,['car'],[0.770629346370697],"[[202, 290, 255, 318]]"
1501,[],[],[]
1502,[],[],[]
1503,['car'],[0.7783684730529785],"[[192, 292, 258, 326]]"
1504,[],[],[]
1505,[],[],[]
1506,[],[],[]
1507,[],[],[]
1508,[],[],[]
1509,[],[],[]
1510,[],[],[]
1511,[],[],[]
1512,['car'],[0.8556297421455383],"[[167, 292, 253, 326]]"
1513,[],[],[]
1514,['car'],[0.8617920279502869],"[[159, 293, 252, 325]]"
1515,['car'],[0.8176739811897278],"[[158, 291, 254, 325]]"
1516,[],[],[]
1517,[],[],[]
1518,[],[],[]
1519,[],[],[]
1520,['car'],[0.7828142046928406],"[[144, 302, 185, 327]]"
1521,[],[],[]
1522,[],[],[]
1523,[],[],[]
1524,[],[],[]
1525,[],[],[]
1526,['truck'],[0.9097400903701782],"[[1119, 184, 1428, 382]]"
1527,['truck'],[0.8716617822647095],"[[1097, 184, 1362, 346]]"
1528,['truck'],[0.9507836699485779],"[[1080, 185, 1418, 371]]"
1529,['truck'],[0.942467987537384],"[[1059, 194, 1276, 347]]"
1530,['truck'],[0.9237481951713562],"[[1038, 202, 1273, 352]]"
1531,['truck'],[0.9336563348770142],"[[1024, 214, 1230, 348]]"
1532,['truck'],[0.8741253614425659],"[[1003, 211, 1225, 344]]"
1533,[],[],[]
1534,['truck'],[0.8304224014282227],"[[956, 198, 1185, 321]]"
1535,['truck'],[0.87861567735672],"[[940, 208, 1172, 320]]"
1536,['truck'],[0.8404083847999573],"[[924, 195, 1218, 318]]"
1537,"['truck', 'car']","[0.8981515765190125, 0.7887648940086365]","[[904, 195, 1215, 342], [106, 308, 144, 331]]"
1538,['truck'],[0.8627738356590271],"[[890, 201, 1191, 321]]"
1539,['truck'],[0.8658801317214966],"[[870, 206, 1174, 329]]"
1540,['truck'],[0.8749668002128601],"[[852, 193, 1196, 338]]"
1541,['truck'],[0.9211382269859314],"[[833, 185, 1190, 340]]"
1542,['truck'],[0.8680493831634521],"[[817, 185, 1188, 333]]"
1543,['truck'],[0.9054367542266846],"[[796, 211, 1126, 328]]"
1544,['truck'],[0.9235695004463196],"[[782, 208, 1113, 323]]"
1545,['truck'],[0.9164929389953613],"[[769, 216, 1098, 323]]"
1546,['truck'],[0.9382827877998352],"[[757, 207, 1080, 321]]"
1547,['truck'],[0.8752009868621826],"[[748, 201, 1059, 321]]"
1548,['truck'],[0.8797539472579956],"[[724, 197, 1040, 323]]"
1549,['truck'],[0.9376237392425537],"[[703, 200, 1024, 322]]"
1550,['truck'],[0.8807851672172546],"[[693, 199, 1010, 317]]"
1551,['truck'],[0.9338537454605103],"[[675, 198, 987, 318]]"
1552,['truck'],[0.9468743205070496],"[[662, 197, 978, 315]]"
1553,['truck'],[0.9641363620758057],"[[648, 195, 969, 313]]"
1554,['truck'],[0.9491268396377563],"[[636, 196, 946, 311]]"
1555,['truck'],[0.9185675382614136],"[[622, 196, 927, 304]]"
1556,['truck'],[0.9258960485458374],"[[609, 191, 911, 308]]"
1557,['truck'],[0.9293724298477173],"[[597, 190, 894, 309]]"
1558,['truck'],[0.9497625827789307],"[[586, 197, 874, 307]]"
1559,['truck'],[0.9493106603622437],"[[576, 199, 860, 305]]"
1560,['truck'],[0.8945354223251343],"[[564, 200, 830, 305]]"
1561,['truck'],[0.8929921984672546],"[[516, 202, 823, 309]]"
1562,['truck'],[0.918663740158081],"[[512, 207, 805, 317]]"
1563,['truck'],[0.8978482484817505],"[[511, 205, 786, 317]]"
1564,['truck'],[0.9420478940010071],"[[512, 203, 768, 317]]"
1565,['truck'],[0.9445633888244629],"[[512, 202, 774, 316]]"
1566,['truck'],[0.9341586828231812],"[[501, 198, 740, 315]]"
1567,['truck'],[0.9266983270645142],"[[489, 201, 724, 312]]"
1568,['truck'],[0.9153748750686646],"[[481, 199, 725, 312]]"
1569,['truck'],[0.9379823207855225],"[[474, 201, 721, 313]]"
1570,['truck'],[0.9413814544677734],"[[465, 203, 683, 313]]"
1571,['truck'],[0.9173157215118408],"[[455, 228, 671, 312]]"
1572,['truck'],[0.9209973216056824],"[[448, 204, 657, 310]]"
1573,['truck'],[0.9046450853347778],"[[439, 213, 644, 307]]"
1574,"['truck', 'truck']","[0.8437879085540771, 0.893649160861969]","[[431, 215, 632, 306], [431, 228, 516, 305]]"
1575,['truck'],[0.8984202742576599],"[[425, 229, 518, 305]]"
1576,['truck'],[0.9517419338226318],"[[416, 239, 516, 306]]"
1577,['truck'],[0.9455649256706238],"[[411, 248, 520, 307]]"
1578,[],[],[]
1579,[],[],[]
1580,[],[],[]
1581,['truck'],[0.8089847564697266],"[[394, 248, 549, 305]]"
1582,[],[],[]
1583,[],[],[]
1584,[],[],[]
1585,['car'],[0.8161625862121582],"[[383, 221, 529, 305]]"
1586,[],[],[]
1587,[],[],[]
1588,['car'],[0.8809918761253357],"[[352, 223, 500, 306]]"
1589,[],[],[]
1590,[],[],[]
1591,[],[],[]
1592,['car'],[0.7905895113945007],"[[382, 225, 468, 302]]"
1593,[],[],[]
1594,[],[],[]
1595,['car'],[0.9018920660018921],"[[294, 232, 446, 303]]"
1596,['car'],[0.8689380288124084],"[[292, 243, 437, 304]]"
1597,['car'],[0.9083707332611084],"[[287, 244, 430, 304]]"
1598,['car'],[0.8834806680679321],"[[281, 243, 423, 305]]"
1599,['car'],[0.774844765663147],"[[279, 242, 411, 304]]"
1600,[],[],[]
1601,[],[],[]
1602,[],[],[]
1603,[],[],[]
1604,[],[],[]
1605,[],[],[]
1606,[],[],[]
1607,[],[],[]
1608,[],[],[]
1609,['car'],[0.8394919037818909],"[[293, 243, 408, 306]]"
1610,['car'],[0.8002085089683533],"[[285, 241, 408, 307]]"
1611,['car'],[0.8691515922546387],"[[282, 241, 408, 307]]"
1612,['car'],[0.9198431968688965],"[[273, 241, 407, 307]]"
1613,"['car', 'car']","[0.9348320960998535, 0.8689993619918823]","[[280, 241, 407, 306], [224, 261, 269, 316]]"
1614,"['car', 'car']","[0.9259748458862305, 0.8938026428222656]","[[282, 241, 407, 304], [222, 262, 264, 317]]"
1615,"['car', 'car']","[0.9227144718170166, 0.9081714749336243]","[[279, 242, 406, 303], [214, 271, 265, 317]]"
1616,"['car', 'car']","[0.9017711281776428, 0.8916573524475098]","[[277, 241, 406, 307], [210, 267, 264, 318]]"
1617,"['car', 'car']","[0.7897977232933044, 0.8196682929992676]","[[274, 240, 407, 306], [210, 263, 263, 317]]"
1618,['car'],[0.8983571529388428],"[[192, 267, 261, 317]]"
1619,['car'],[0.9167382121086121],"[[193, 267, 256, 318]]"
1620,['car'],[0.9200509786605835],"[[192, 267, 257, 318]]"
1621,['car'],[0.9250519275665283],"[[192, 268, 258, 318]]"
1622,['car'],[0.9449158310890198],"[[188, 266, 259, 318]]"
1623,['car'],[0.9185888171195984],"[[189, 268, 275, 320]]"
1624,['car'],[0.9408614635467529],"[[189, 268, 287, 321]]"
1625,['car'],[0.9380056858062744],"[[184, 260, 288, 322]]"
1626,['car'],[0.9348704814910889],"[[183, 260, 289, 322]]"
1627,['car'],[0.92867511510849],"[[182, 259, 257, 322]]"
1628,['car'],[0.9480900764465332],"[[180, 258, 255, 322]]"
1629,['car'],[0.942785918712616],"[[173, 259, 248, 322]]"
1630,['car'],[0.9431403875350952],"[[168, 260, 245, 322]]"
1631,['car'],[0.9339576959609985],"[[167, 264, 251, 323]]"
1632,['car'],[0.9363753795623779],"[[165, 264, 241, 323]]"
1633,"['car', 'car']","[0.8794808387756348, 0.874862790107727]","[[170, 263, 242, 322], [161, 282, 187, 323]]"
1634,"['car', 'car', 'car']","[0.8418233394622803, 0.7553315162658691, 0.8390451669692993]","[[159, 263, 233, 324], [192, 264, 233, 317], [159, 282, 190, 324]]"
1635,"['car', 'car']","[0.8269760012626648, 0.8310123085975647]","[[159, 279, 230, 322], [157, 282, 187, 324]]"
1636,"['car', 'car']","[0.809094250202179, 0.8009828329086304]","[[156, 280, 231, 322], [153, 285, 188, 323]]"
1637,"['car', 'car']","[0.9006331562995911, 0.9026668071746826]","[[187, 267, 236, 309], [150, 286, 190, 322]]"
1638,"['car', 'car']","[0.9001339673995972, 0.9156638979911804]","[[186, 263, 247, 310], [149, 286, 190, 322]]"
1639,"['car', 'car']","[0.8952096104621887, 0.8980129361152649]","[[182, 263, 242, 311], [147, 290, 187, 322]]"
1640,['car'],[0.9086753726005554],"[[149, 262, 242, 321]]"
1641,"['car', 'car', 'car']","[0.8350833058357239, 0.8617748618125916, 0.8168715834617615]","[[145, 265, 246, 322], [181, 264, 246, 312], [144, 288, 186, 322]]"
1642,"['car', 'car']","[0.8737777471542358, 0.8512493371963501]","[[178, 262, 253, 312], [141, 288, 190, 323]]"
1643,"['car', 'car']","[0.8319615721702576, 0.7929337024688721]","[[141, 274, 246, 321], [138, 287, 187, 323]]"
1644,['car'],[0.8462901711463928],"[[137, 264, 251, 322]]"
1645,"['car', 'car']","[0.8651751279830933, 0.815187394618988]","[[135, 262, 248, 322], [134, 287, 179, 321]]"
1646,"['car', 'car']","[0.8298631310462952, 0.8379903435707092]","[[133, 262, 252, 322], [132, 286, 188, 322]]"
1647,"['car', 'car']","[0.901837944984436, 0.7785118818283081]","[[131, 286, 195, 321], [191, 260, 254, 309]]"
1648,['car'],[0.8721396327018738],"[[127, 284, 197, 322]]"
1649,['car'],[0.9236541390419006],"[[126, 282, 193, 327]]"
1650,['car'],[0.9352770447731018],"[[124, 280, 189, 326]]"
1651,['car'],[0.9423165321350098],"[[123, 281, 187, 323]]"
1652,['car'],[0.9466117024421692],"[[120, 280, 186, 326]]"
1653,['car'],[0.950448751449585],"[[118, 279, 186, 326]]"
1654,['car'],[0.9415788054466248],"[[117, 279, 181, 323]]"
1655,['car'],[0.8799267411231995],"[[115, 278, 183, 325]]"
1656,['car'],[0.9369134306907654],"[[112, 278, 183, 323]]"
1657,['car'],[0.938717246055603],"[[111, 277, 183, 324]]"
1658,['car'],[0.9467806220054626],"[[109, 279, 185, 323]]"
1659,['car'],[0.9483470320701599],"[[107, 279, 183, 324]]"
1660,['car'],[0.9355049133300781],"[[106, 279, 182, 325]]"
1661,['car'],[0.9409842491149902],"[[104, 279, 181, 325]]"
1662,['car'],[0.9364522695541382],"[[102, 279, 180, 323]]"
1663,['car'],[0.9130849242210388],"[[100, 279, 179, 323]]"
1664,['car'],[0.9189606308937073],"[[97, 280, 179, 326]]"
1665,['car'],[0.9392370581626892],"[[96, 281, 178, 328]]"
1666,['car'],[0.9422482848167419],"[[95, 281, 178, 328]]"
1667,['car'],[0.9437879323959351],"[[95, 281, 179, 327]]"
1668,['car'],[0.9438298940658569],"[[93, 281, 175, 328]]"
1669,['car'],[0.9416570663452148],"[[91, 281, 173, 327]]"
1670,['car'],[0.9475969672203064],"[[90, 281, 173, 327]]"
1671,['car'],[0.9540348052978516],"[[87, 280, 172, 326]]"
1672,['car'],[0.9619256854057312],"[[86, 280, 173, 328]]"
1673,['car'],[0.959774911403656],"[[86, 279, 175, 329]]"
1674,['car'],[0.9617055058479309],"[[84, 280, 175, 327]]"
1675,['car'],[0.9570354223251343],"[[82, 280, 174, 327]]"
1676,['car'],[0.961482584476471],"[[81, 280, 174, 327]]"
1677,['car'],[0.9527203440666199],"[[80, 280, 174, 328]]"
1678,"['car', 'car']","[0.9381137490272522, 0.8216518759727478]","[[78, 289, 134, 329], [758, 260, 786, 278]]"
1679,"['car', 'car']","[0.9350597262382507, 0.8101834654808044]","[[77, 287, 136, 329], [758, 259, 786, 278]]"
1680,"['car', 'car']","[0.932326078414917, 0.8272665143013]","[[74, 287, 136, 329], [758, 260, 786, 278]]"
1681,"['car', 'car']","[0.9293482303619385, 0.820705235004425]","[[72, 287, 137, 329], [758, 260, 786, 278]]"
1682,"['car', 'car']","[0.9384044408798218, 0.8409928679466248]","[[71, 287, 135, 329], [758, 260, 786, 278]]"
1683,"['car', 'car']","[0.9286245703697205, 0.7848893404006958]","[[70, 287, 136, 329], [758, 260, 786, 278]]"
1684,['car'],[0.9173477292060852],"[[70, 288, 136, 329]]"
1685,['car'],[0.9234790802001953],"[[67, 287, 136, 330]]"
1686,"['car', 'car']","[0.9394479990005493, 0.8021252751350403]","[[66, 288, 128, 329], [758, 259, 786, 278]]"
1687,"['car', 'car']","[0.9317209720611572, 0.8218150734901428]","[[65, 288, 128, 330], [758, 260, 786, 278]]"
1688,['car'],[0.9390910863876343],"[[65, 288, 129, 330]]"
1689,"['car', 'car']","[0.9486209154129028, 0.8526239395141602]","[[63, 289, 130, 330], [758, 259, 786, 278]]"
1690,"['car', 'car']","[0.9462150931358337, 0.8461212515830994]","[[64, 290, 129, 330], [758, 259, 786, 278]]"
1691,"['car', 'car']","[0.9407978653907776, 0.8408713340759277]","[[63, 290, 128, 330], [758, 259, 786, 278]]"
1692,"['car', 'car']","[0.931725025177002, 0.8322389125823975]","[[62, 290, 115, 329], [758, 259, 786, 278]]"
1693,"['car', 'car']","[0.9280847311019897, 0.8406228423118591]","[[61, 290, 115, 329], [758, 259, 786, 278]]"
1694,"['car', 'car']","[0.8861383199691772, 0.7954252362251282]","[[54, 290, 112, 330], [758, 259, 786, 278]]"
1695,"['car', 'car']","[0.9300593733787537, 0.8192808032035828]","[[55, 291, 115, 329], [758, 260, 786, 278]]"
1696,"['car', 'car']","[0.9262534379959106, 0.8157628774642944]","[[54, 292, 115, 329], [758, 259, 786, 278]]"
1697,"['car', 'car']","[0.9257802367210388, 0.8238390684127808]","[[54, 292, 114, 329], [758, 259, 786, 278]]"
1698,"['car', 'car']","[0.9201448559761047, 0.8226401209831238]","[[54, 293, 116, 329], [758, 260, 786, 278]]"
1699,"['car', 'car']","[0.9230896234512329, 0.83604896068573]","[[53, 291, 116, 329], [758, 259, 786, 278]]"
1700,"['car', 'car']","[0.9223797917366028, 0.8347957730293274]","[[53, 291, 116, 329], [758, 259, 786, 278]]"
1701,"['car', 'car']","[0.914152979850769, 0.8358491659164429]","[[52, 291, 115, 328], [758, 260, 786, 278]]"
1702,"['car', 'car']","[0.9238871932029724, 0.8393725156784058]","[[52, 292, 106, 328], [758, 260, 786, 278]]"
1703,"['car', 'car']","[0.9436078667640686, 0.8489566445350647]","[[50, 293, 105, 329], [758, 260, 786, 278]]"
1704,"['car', 'car']","[0.9397685527801514, 0.8511804938316345]","[[49, 293, 108, 329], [758, 259, 786, 278]]"
1705,"['car', 'car']","[0.9435850381851196, 0.8577001690864563]","[[49, 294, 109, 329], [758, 259, 786, 278]]"
1706,"['car', 'car']","[0.9362779855728149, 0.8486617803573608]","[[48, 295, 110, 329], [758, 259, 786, 278]]"
1707,"['car', 'car']","[0.941766083240509, 0.852745532989502]","[[48, 294, 110, 329], [758, 259, 786, 278]]"
1708,"['car', 'car']","[0.9406318068504333, 0.7695402503013611]","[[44, 299, 83, 330], [308, 242, 407, 315]]"
1709,['car'],[0.9473817348480225],"[[43, 298, 83, 331]]"
1710,['car'],[0.9473162889480591],"[[42, 298, 84, 330]]"
1711,['car'],[0.9483372569084167],"[[42, 298, 84, 330]]"
1712,['car'],[0.9467004537582397],"[[39, 298, 84, 331]]"
1713,['car'],[0.9388638734817505],"[[40, 298, 79, 331]]"
1714,['car'],[0.9325931072235107],"[[37, 298, 79, 334]]"
1715,['car'],[0.9334977865219116],"[[37, 298, 79, 334]]"
1716,['car'],[0.9213991165161133],"[[22, 298, 79, 342]]"
1717,['car'],[0.9469932913780212],"[[36, 298, 79, 332]]"
1718,['car'],[0.9407445788383484],"[[35, 298, 78, 332]]"
1719,['car'],[0.9331226348876953],"[[33, 298, 78, 333]]"
1720,['car'],[0.9311731457710266],"[[32, 298, 74, 333]]"
1721,['car'],[0.9154019951820374],"[[32, 298, 74, 334]]"
1722,['car'],[0.9231295585632324],"[[31, 299, 72, 335]]"
1723,['car'],[0.9281911849975586],"[[31, 299, 72, 335]]"
1724,['car'],[0.9173688888549805],"[[30, 301, 72, 335]]"
1725,['car'],[0.9276977777481079],"[[32, 300, 72, 333]]"
1726,['car'],[0.9315009117126465],"[[32, 300, 72, 333]]"
1727,['car'],[0.9311580657958984],"[[31, 300, 71, 333]]"
1728,['car'],[0.9358588457107544],"[[28, 300, 71, 335]]"
1729,['car'],[0.9289931654930115],"[[17, 300, 71, 345]]"
1730,['car'],[0.914768636226654],"[[18, 302, 70, 343]]"
1731,['car'],[0.9133275747299194],"[[22, 301, 70, 335]]"
1732,['car'],[0.9142528772354126],"[[22, 300, 70, 334]]"
1733,['car'],[0.9110552668571472],"[[22, 300, 70, 333]]"
1734,['car'],[0.9123848676681519],"[[22, 300, 70, 333]]"
1735,['car'],[0.9343278408050537],"[[22, 300, 71, 334]]"
1736,['car'],[0.921944797039032],"[[22, 299, 71, 335]]"
1737,['car'],[0.9322825074195862],"[[22, 300, 72, 334]]"
1738,['car'],[0.8744747638702393],"[[18, 306, 61, 336]]"
1739,['car'],[0.877364456653595],"[[18, 305, 61, 336]]"
1740,['car'],[0.8602638840675354],"[[18, 304, 61, 337]]"
1741,['car'],[0.8211168646812439],"[[18, 305, 60, 336]]"
1742,['car'],[0.8310427665710449],"[[18, 305, 60, 336]]"
1743,['car'],[0.8293645977973938],"[[18, 311, 60, 335]]"
1744,['car'],[0.8367339372634888],"[[16, 305, 60, 337]]"
1745,['car'],[0.8416416049003601],"[[17, 310, 60, 337]]"
1746,['car'],[0.8400868773460388],"[[17, 310, 60, 337]]"
1747,['car'],[0.8596740365028381],"[[16, 313, 58, 334]]"
1748,['car'],[0.8173393607139587],"[[16, 311, 58, 334]]"
1749,['car'],[0.8278257250785828],"[[16, 311, 58, 334]]"
1750,['car'],[0.8249269127845764],"[[16, 311, 58, 334]]"
1751,['car'],[0.8431940674781799],"[[16, 311, 58, 334]]"
1752,['car'],[0.8675888180732727],"[[16, 312, 57, 334]]"
1753,['car'],[0.8542225956916809],"[[16, 312, 57, 334]]"
1754,['car'],[0.8649902939796448],"[[17, 312, 58, 334]]"
1755,['car'],[0.8181025981903076],"[[8, 311, 55, 335]]"
1756,['car'],[0.8403448462486267],"[[8, 309, 55, 334]]"
1757,['car'],[0.8503069281578064],"[[9, 309, 55, 335]]"
1758,['car'],[0.850663423538208],"[[9, 308, 56, 334]]"
1759,['car'],[0.8391907811164856],"[[8, 308, 55, 335]]"
1760,['car'],[0.823505699634552],"[[7, 308, 54, 334]]"
1761,['car'],[0.8031603693962097],"[[7, 309, 52, 334]]"
1762,['car'],[0.7985555529594421],"[[7, 308, 52, 335]]"
1763,['car'],[0.833435595035553],"[[7, 308, 51, 333]]"
1764,['car'],[0.827828049659729],"[[7, 308, 52, 334]]"
1765,['car'],[0.8528875708580017],"[[7, 307, 52, 333]]"
1766,['car'],[0.8519005179405212],"[[7, 307, 52, 333]]"
1767,['car'],[0.833647608757019],"[[7, 308, 49, 334]]"
1768,[],[],[]
1769,[],[],[]
1770,[],[],[]
1771,[],[],[]
1772,[],[],[]
1773,[],[],[]
1774,[],[],[]
1775,[],[],[]
1776,[],[],[]
1777,[],[],[]
1778,[],[],[]
1779,[],[],[]
1780,[],[],[]
1781,[],[],[]
1782,[],[],[]
1783,[],[],[]
1784,[],[],[]
1785,[],[],[]
1786,[],[],[]
1787,[],[],[]
1788,[],[],[]
1789,[],[],[]
1790,[],[],[]
1791,[],[],[]
1792,[],[],[]
1793,[],[],[]
1794,[],[],[]
1795,[],[],[]
1796,[],[],[]
1797,[],[],[]
1798,[],[],[]
1799,[],[],[]
1800,[],[],[]
1801,[],[],[]
1802,[],[],[]
1803,[],[],[]
1804,[],[],[]
1805,[],[],[]
1806,[],[],[]
1807,[],[],[]
1808,[],[],[]
1809,[],[],[]
1810,[],[],[]
1811,[],[],[]
1812,[],[],[]
1813,[],[],[]
1814,[],[],[]
1815,[],[],[]
1816,[],[],[]
1817,[],[],[]
1818,[],[],[]
1819,[],[],[]
1820,[],[],[]
1821,[],[],[]
1822,[],[],[]
1823,[],[],[]
1824,[],[],[]
1825,[],[],[]
1826,[],[],[]
1827,[],[],[]
1828,[],[],[]
1829,[],[],[]
1830,[],[],[]
1831,[],[],[]
1832,[],[],[]
1833,[],[],[]
1834,[],[],[]
